end_station_name,Allende-Platz/Grindelhof,Alsenstraße/Düppelstraße,Alsterschwimmhalle/Ifflandstraße,Alter Wall/Adolphsbrücke,Am Kaiserkai/Großer Grasbrook,Amsinckstraße/ Nordkanalbrücke,Auf dem Sande/Kehrwieder-MiniaturWunderland,Axel-Springer-Platz/Wexstraße,Bahnhof Altona Ost/Max-Brauer-Allee,Bahnhof Altona West / Busbahnhof,Bahnhof Dammtor Nord // Theodor-Heuss-Platz,Bahnhof Dammtor Süd / Marseiller Straße,Bahrenfelder Straße/Völckersstraße,Barkassenanleger/Mengestraße,Bartholomäusstraße/Beim Alten Schützenhof,Bebelallee/Meenkwiese,Bei der Hammer Kirche/Hammerpark,Berliner Tor / Berlinertordamm,Bernhard-Nocht-Straße/Zirkusweg,Berta-Kröger-Platz/Wilhelm-Strauß-Weg,Billstraße/Billhorner Deich,Borgweg/Stadtpark,Burgstraße/Hammer Landstraße,Chemnitzstraße / Max-Brauer-Allee,Christuskirche/Fruchtallee,Dehnhaide/Barmbeker Markt,Domstraße/Willy-Brandt-Straße,Eduard-Rhein-Ufer / Schwanenwik,Eiffestrasse/Normannenweg,Eimsbütteler Straße/Waterloostraße,Emilienstraße/Fruchtallee,Enckeplatz / Hütten,Eppendorfer Baum / Isestraße,Eppendorfer Weg/Hoheluftchaussee,Eulenstraße/Große Brunnenstraße,Fischersallee/Bleickenallee,Fischmarkt/Breite Straße,Goebenstraße/Eppendorfer Weg,Goldbekplatz / Semperstraße,Grasbrookpark/Überseequartier,Große Bergstraße / Jessenstraße,Großneumarkt/Thielbek,Gänsemarkt / Büschstraße,Hallerstraße / Rohtenbaumchaussee,Hammerbrook / Sachsenfeld,Harvestehuder Weg / Alte Rabenstraße,Hasselbrookstraße/Papenstraße,Hauptbahnhof Ost / Hachmannplatz,Hauptbahnhof West / Glockengießer Wall,Heußweg/Wiesenstraße,Hofweg/Am Langenzug,Holsteinischer Kamp/ Wagnerstraße,Hudtwalckerstraße / Bebelallee,Innocentiapark/Oberstraße,Isestraße / Hoheluftbrücke,Jacobikirche / Steinstraße,Jarrestraße / Rambatzweg,Jungfernstieg / Ballindamm,Jungfernstieg / Neuer Jungfernstieg,Kellinghusenstraße / Loogeplatz,Kleine Rosenstraße / Gerhart-Hauptmann-Platz,Koppelstraße/Lokstedter Grenzstraße,Krausestraße/Eilbektal,Kurt-Schumacher-Allee / Nagelsweg,Kurze Mühren/Spitalerstraße,Königstraße / Struenseestraße,Kümmellstraße / Robert-Koch-Straße,Landungsbrücke/Hafentor,Landwehr / Ramazan-Avci-Platz,Lange Reihe / Kirchenallee,Lange Reihe / Lohmühlenpark,Leinpfad/Fernsicht,Lerchenfeld / Uferstraße,Lohmühlenstraße / Steindamm,Lortzingstraße/Friedrichsberger Straße,Löwenstraße/Eppendorfer Weg,Lübecker Straße / Marienkrankenhaus,Mannesallee/Veringstraße,Martinistraße / Haupteingang Klinikum,Messehallen / Marktstraße,Methfesselstraße/Luruper Weg,Meßberg / Willy-Brandt-Straße,Michaeliskirche / Krayenkamp,Millerntorplatz/St.Pauli,Mundsburg / Schürbeker Straße,Mönckebergstraße / Rosenstraße,Mönckebergstraße / Steintorwall,Neuer Pferdemarkt / Beim Grünen Jäger,Neumühlen/Övelgönne,Neunenfelder Straße/ Kurt-Emmerich-Platz,OTTO Group / Wandsbeker Straße,Osakaallee/Übersee Quartier,Osterstraße/Bismarckstraße,Ottenser Marktplatz/Museumsstraße,Paulinenplatz/Wohlwillstraße,Planetarium/Hindenburgstraße,Reeperbahn / Königstraße,Rothenburgsort/Marktplatz/Lindleystraße,Rödingsmarkt / Großer Burstah,Saarlandstraße/Wiesendamm,Schleidenstraße/Osterbekstraße,Schloßstrasse/Schloßgarten,Schopenstehl/Alter Fischmarkt,Schulterblatt/Eifflerstraße,Sievekingplatz/Gorch-Fock-Wall,St.Petersburger Straße/Bei den Kirchhöfen,Stadthausbrücke / Neuer Wall,Steindamm / Stralsunder Straße,Steinstraße / Deichtorplatz,Sternschanze / Eingang Dänenweg,Südring/Stadthallenbrücke,U-Bahn Baumwall,U-Bahn Schlump,Uferstraße/Wagnerstraße,Uhlandstraße / Eingang Nord,Unilever/Strandkai,Universität / Moorweidenstraße,Universität / Schlüterstraße,Wandsbeker Chaussee/ Börnestraße,Wandsbeker Chaussee/Ritterstraße,Wandsbeker Marktstraße/Wandsbeker Marktplatz,Wartenau / Lübecker Straße,Weidestraße/Biedermannplatz,Wiesendamm/Roggenkamp,Wilhelmsburger Platz/Zur Schleuse,Winterhuder Weg/ Zimmerstraße,Zentralbibliothek / Münzstraße,Überseering/Mexikoring
Allende-Platz/Grindelhof,128.0,64.0,11.0,5.0,4.0,12.0,14.0,30.0,41.0,20.0,191.0,45.0,26.0,0.0,5.0,9.0,2.0,12.0,132.0,0.0,0.0,8.0,18.0,62.0,131.0,2.0,7.0,21.0,2.0,67.0,51.0,26.0,94.0,104.0,3.0,4.0,30.0,151.0,77.0,3.0,18.0,39.0,41.0,173.0,2.0,46.0,1.0,101.0,71.0,112.0,37.0,0.0,16.0,43.0,140.0,10.0,63.0,78.0,94.0,25.0,14.0,7.0,5.0,13.0,25.0,9.0,67.0,22.0,3.0,35.0,39.0,37.0,5.0,8.0,4.0,24.0,10.0,18.0,63.0,273.0,134.0,5.0,40.0,207.0,17.0,24.0,37.0,229.0,0.0,0.0,2.0,4.0,122.0,11.0,175.0,5.0,33.0,2.0,36.0,4.0,2.0,0.0,10.0,190.0,150.0,124.0,12.0,40.0,7.0,330.0,2.0,24.0,267.0,4.0,14.0,9.0,34.0,30.0,2.0,9.0,0.0,10.0,3.0,20.0,0.0,20.0,12.0,0.0
Alsenstraße/Düppelstraße,47.0,156.0,0.0,1.0,0.0,3.0,10.0,8.0,95.0,57.0,16.0,23.0,96.0,0.0,0.0,5.0,1.0,0.0,18.0,0.0,0.0,5.0,1.0,38.0,59.0,4.0,7.0,6.0,4.0,89.0,117.0,4.0,2.0,37.0,24.0,13.0,75.0,61.0,8.0,0.0,20.0,11.0,5.0,16.0,5.0,1.0,0.0,22.0,24.0,45.0,0.0,0.0,4.0,4.0,14.0,3.0,2.0,10.0,13.0,1.0,1.0,2.0,0.0,1.0,4.0,26.0,18.0,9.0,0.0,4.0,4.0,5.0,0.0,1.0,0.0,9.0,0.0,3.0,45.0,29.0,47.0,11.0,16.0,27.0,2.0,8.0,5.0,99.0,2.0,0.0,0.0,6.0,46.0,39.0,110.0,4.0,180.0,0.0,5.0,0.0,0.0,0.0,13.0,101.0,16.0,2.0,13.0,5.0,3.0,45.0,0.0,4.0,31.0,2.0,2.0,2.0,13.0,20.0,0.0,0.0,0.0,0.0,0.0,12.0,0.0,3.0,6.0,0.0
Alsterschwimmhalle/Ifflandstraße,14.0,0.0,38.0,1.0,2.0,13.0,5.0,2.0,0.0,1.0,14.0,12.0,0.0,0.0,5.0,0.0,6.0,149.0,2.0,0.0,16.0,0.0,38.0,1.0,3.0,15.0,0.0,17.0,22.0,0.0,2.0,0.0,7.0,1.0,0.0,2.0,8.0,4.0,16.0,0.0,0.0,2.0,10.0,3.0,22.0,18.0,9.0,49.0,8.0,1.0,15.0,8.0,2.0,0.0,4.0,5.0,9.0,33.0,6.0,2.0,1.0,0.0,24.0,18.0,2.0,0.0,1.0,1.0,21.0,12.0,55.0,2.0,1.0,67.0,12.0,4.0,109.0,0.0,2.0,4.0,3.0,10.0,0.0,15.0,48.0,12.0,13.0,3.0,0.0,0.0,0.0,3.0,1.0,0.0,1.0,0.0,0.0,2.0,2.0,1.0,9.0,2.0,1.0,5.0,8.0,4.0,0.0,56.0,5.0,0.0,0.0,0.0,2.0,12.0,37.0,0.0,13.0,24.0,7.0,25.0,18.0,23.0,8.0,10.0,0.0,21.0,7.0,0.0
Alter Wall/Adolphsbrücke,6.0,5.0,10.0,30.0,16.0,1.0,6.0,45.0,4.0,3.0,7.0,10.0,2.0,0.0,0.0,7.0,2.0,9.0,15.0,0.0,2.0,0.0,3.0,0.0,3.0,0.0,6.0,12.0,1.0,3.0,3.0,8.0,3.0,3.0,1.0,0.0,5.0,5.0,9.0,1.0,2.0,20.0,6.0,4.0,3.0,12.0,1.0,10.0,22.0,7.0,13.0,3.0,7.0,6.0,2.0,4.0,10.0,5.0,5.0,5.0,4.0,0.0,1.0,7.0,15.0,0.0,0.0,19.0,0.0,12.0,7.0,4.0,3.0,6.0,0.0,1.0,1.0,0.0,2.0,10.0,1.0,2.0,11.0,16.0,7.0,4.0,31.0,13.0,2.0,0.0,0.0,5.0,0.0,4.0,23.0,0.0,11.0,0.0,6.0,5.0,3.0,0.0,2.0,5.0,8.0,17.0,2.0,4.0,5.0,15.0,2.0,15.0,1.0,1.0,1.0,11.0,7.0,14.0,0.0,9.0,0.0,9.0,2.0,8.0,0.0,1.0,4.0,0.0
Am Kaiserkai/Großer Grasbrook,3.0,1.0,1.0,17.0,101.0,30.0,5.0,31.0,6.0,3.0,2.0,16.0,10.0,0.0,0.0,1.0,5.0,13.0,40.0,0.0,0.0,0.0,0.0,16.0,3.0,0.0,45.0,34.0,7.0,10.0,0.0,4.0,5.0,5.0,0.0,6.0,12.0,1.0,10.0,2.0,5.0,34.0,21.0,2.0,19.0,5.0,1.0,24.0,139.0,0.0,2.0,3.0,0.0,0.0,1.0,46.0,2.0,95.0,24.0,1.0,19.0,0.0,0.0,31.0,25.0,9.0,4.0,342.0,27.0,22.0,11.0,0.0,2.0,27.0,0.0,1.0,0.0,2.0,0.0,7.0,0.0,308.0,17.0,11.0,3.0,86.0,227.0,4.0,2.0,0.0,0.0,10.0,0.0,5.0,16.0,0.0,5.0,0.0,37.0,0.0,0.0,0.0,45.0,29.0,2.0,2.0,26.0,6.0,94.0,12.0,0.0,451.0,1.0,0.0,0.0,9.0,14.0,2.0,0.0,0.0,0.0,6.0,0.0,2.0,26.0,17.0,9.0,0.0
Amsinckstraße/ Nordkanalbrücke,10.0,6.0,25.0,3.0,31.0,117.0,9.0,14.0,1.0,1.0,9.0,1.0,0.0,0.0,6.0,2.0,1.0,61.0,4.0,0.0,5.0,0.0,21.0,0.0,2.0,0.0,2.0,16.0,13.0,5.0,5.0,7.0,1.0,0.0,0.0,0.0,3.0,1.0,3.0,4.0,3.0,10.0,8.0,0.0,45.0,4.0,3.0,140.0,60.0,1.0,1.0,0.0,30.0,0.0,2.0,24.0,4.0,17.0,12.0,0.0,6.0,0.0,38.0,56.0,13.0,0.0,1.0,21.0,33.0,16.0,19.0,0.0,12.0,15.0,4.0,0.0,9.0,1.0,1.0,7.0,6.0,28.0,3.0,24.0,8.0,28.0,139.0,15.0,0.0,0.0,0.0,16.0,3.0,1.0,10.0,0.0,13.0,10.0,14.0,0.0,0.0,1.0,9.0,0.0,5.0,0.0,1.0,56.0,28.0,3.0,0.0,19.0,2.0,1.0,2.0,11.0,16.0,9.0,2.0,5.0,0.0,19.0,0.0,1.0,5.0,4.0,38.0,0.0
Auf dem Sande/Kehrwieder-MiniaturWunderland,4.0,0.0,3.0,9.0,8.0,16.0,37.0,8.0,4.0,0.0,7.0,4.0,0.0,0.0,0.0,9.0,8.0,1.0,30.0,0.0,0.0,0.0,3.0,0.0,4.0,7.0,3.0,2.0,1.0,0.0,13.0,0.0,0.0,6.0,1.0,2.0,4.0,0.0,0.0,1.0,3.0,7.0,10.0,9.0,5.0,0.0,0.0,7.0,7.0,1.0,7.0,20.0,0.0,0.0,1.0,12.0,4.0,20.0,9.0,0.0,0.0,0.0,0.0,5.0,8.0,0.0,0.0,45.0,0.0,4.0,8.0,2.0,0.0,1.0,2.0,1.0,3.0,0.0,0.0,5.0,0.0,54.0,5.0,7.0,2.0,41.0,25.0,19.0,0.0,0.0,0.0,10.0,2.0,2.0,21.0,0.0,7.0,1.0,14.0,0.0,0.0,0.0,18.0,11.0,7.0,1.0,66.0,1.0,14.0,2.0,0.0,13.0,3.0,0.0,0.0,16.0,6.0,4.0,0.0,0.0,0.0,0.0,0.0,0.0,2.0,1.0,2.0,0.0
Axel-Springer-Platz/Wexstraße,31.0,12.0,7.0,13.0,30.0,11.0,9.0,64.0,5.0,3.0,10.0,30.0,2.0,0.0,21.0,2.0,3.0,8.0,83.0,0.0,0.0,0.0,5.0,4.0,8.0,30.0,7.0,57.0,0.0,12.0,7.0,4.0,8.0,8.0,2.0,2.0,5.0,34.0,7.0,4.0,9.0,11.0,14.0,7.0,2.0,7.0,2.0,19.0,30.0,3.0,6.0,8.0,4.0,2.0,4.0,38.0,3.0,55.0,9.0,0.0,19.0,0.0,2.0,9.0,16.0,4.0,1.0,11.0,0.0,14.0,29.0,27.0,1.0,1.0,1.0,1.0,1.0,6.0,2.0,32.0,2.0,7.0,16.0,53.0,14.0,44.0,63.0,23.0,0.0,0.0,0.0,10.0,5.0,5.0,8.0,0.0,8.0,0.0,6.0,1.0,2.0,0.0,10.0,13.0,7.0,16.0,10.0,4.0,6.0,13.0,0.0,22.0,16.0,2.0,8.0,8.0,41.0,30.0,0.0,0.0,1.0,8.0,0.0,8.0,0.0,3.0,7.0,1.0
Bahnhof Altona Ost/Max-Brauer-Allee,38.0,120.0,2.0,7.0,3.0,3.0,2.0,6.0,111.0,23.0,5.0,6.0,48.0,0.0,0.0,0.0,1.0,4.0,48.0,0.0,1.0,0.0,0.0,113.0,35.0,0.0,6.0,0.0,2.0,58.0,30.0,16.0,5.0,58.0,36.0,36.0,96.0,48.0,12.0,1.0,144.0,6.0,11.0,9.0,4.0,0.0,0.0,7.0,18.0,54.0,1.0,0.0,6.0,6.0,10.0,5.0,1.0,2.0,5.0,0.0,1.0,3.0,0.0,2.0,3.0,75.0,3.0,14.0,0.0,2.0,2.0,0.0,0.0,1.0,0.0,13.0,2.0,1.0,31.0,51.0,76.0,4.0,21.0,16.0,6.0,13.0,4.0,101.0,18.0,0.0,0.0,7.0,22.0,32.0,94.0,0.0,103.0,0.0,13.0,1.0,0.0,0.0,4.0,122.0,14.0,1.0,4.0,2.0,3.0,45.0,0.0,14.0,70.0,0.0,0.0,7.0,16.0,17.0,0.0,0.0,0.0,2.0,0.0,3.0,0.0,2.0,9.0,2.0
Bahnhof Altona West / Busbahnhof,23.0,42.0,3.0,1.0,1.0,1.0,1.0,5.0,18.0,86.0,5.0,4.0,687.0,0.0,1.0,0.0,0.0,0.0,19.0,0.0,0.0,0.0,0.0,92.0,16.0,1.0,0.0,1.0,0.0,36.0,19.0,2.0,1.0,9.0,73.0,133.0,44.0,17.0,1.0,0.0,67.0,4.0,4.0,6.0,0.0,0.0,0.0,1.0,14.0,14.0,0.0,0.0,0.0,1.0,5.0,0.0,0.0,9.0,2.0,2.0,0.0,0.0,0.0,1.0,0.0,39.0,0.0,16.0,0.0,0.0,4.0,0.0,1.0,2.0,0.0,5.0,0.0,4.0,22.0,14.0,39.0,6.0,9.0,14.0,1.0,3.0,3.0,60.0,28.0,0.0,1.0,4.0,6.0,53.0,54.0,0.0,110.0,2.0,0.0,0.0,0.0,0.0,2.0,65.0,9.0,3.0,1.0,1.0,0.0,11.0,0.0,6.0,10.0,0.0,0.0,1.0,2.0,7.0,0.0,0.0,0.0,0.0,0.0,1.0,0.0,0.0,3.0,0.0
Bahnhof Dammtor Nord // Theodor-Heuss-Platz,176.0,6.0,12.0,1.0,5.0,14.0,3.0,28.0,10.0,6.0,69.0,7.0,3.0,0.0,18.0,4.0,6.0,10.0,11.0,0.0,0.0,3.0,11.0,3.0,33.0,5.0,1.0,51.0,3.0,11.0,40.0,13.0,21.0,39.0,2.0,7.0,3.0,33.0,38.0,0.0,1.0,13.0,8.0,70.0,9.0,171.0,10.0,55.0,52.0,37.0,34.0,5.0,33.0,8.0,28.0,3.0,29.0,32.0,43.0,3.0,4.0,6.0,10.0,11.0,16.0,3.0,4.0,5.0,4.0,20.0,30.0,37.0,7.0,8.0,5.0,19.0,5.0,1.0,38.0,38.0,15.0,0.0,4.0,13.0,23.0,17.0,24.0,15.0,0.0,0.0,0.0,2.0,57.0,1.0,10.0,0.0,8.0,8.0,8.0,4.0,10.0,1.0,5.0,19.0,14.0,6.0,5.0,20.0,5.0,22.0,0.0,5.0,26.0,3.0,12.0,5.0,13.0,182.0,4.0,5.0,12.0,17.0,6.0,13.0,1.0,14.0,3.0,1.0
Bahnhof Dammtor Süd / Marseiller Straße,47.0,26.0,2.0,35.0,3.0,1.0,6.0,47.0,4.0,0.0,11.0,27.0,3.0,0.0,4.0,1.0,1.0,5.0,32.0,0.0,0.0,2.0,7.0,9.0,18.0,2.0,3.0,19.0,1.0,30.0,24.0,42.0,7.0,9.0,1.0,0.0,3.0,45.0,51.0,3.0,8.0,28.0,16.0,18.0,8.0,55.0,2.0,17.0,23.0,9.0,9.0,4.0,4.0,8.0,32.0,1.0,7.0,26.0,28.0,3.0,11.0,0.0,4.0,1.0,11.0,0.0,7.0,13.0,8.0,13.0,10.0,11.0,2.0,3.0,3.0,7.0,3.0,0.0,29.0,63.0,8.0,1.0,16.0,42.0,6.0,9.0,4.0,23.0,0.0,0.0,0.0,9.0,19.0,0.0,24.0,0.0,10.0,1.0,11.0,2.0,14.0,1.0,8.0,27.0,125.0,15.0,9.0,9.0,1.0,32.0,0.0,2.0,28.0,0.0,5.0,12.0,12.0,77.0,1.0,3.0,4.0,6.0,3.0,1.0,0.0,9.0,7.0,1.0
Bahrenfelder Straße/Völckersstraße,27.0,128.0,0.0,2.0,3.0,2.0,2.0,3.0,110.0,637.0,11.0,5.0,88.0,0.0,0.0,4.0,1.0,0.0,6.0,0.0,0.0,0.0,0.0,92.0,30.0,0.0,1.0,0.0,0.0,30.0,62.0,3.0,0.0,11.0,35.0,22.0,39.0,45.0,3.0,0.0,39.0,4.0,9.0,4.0,1.0,0.0,0.0,2.0,6.0,28.0,0.0,0.0,0.0,1.0,8.0,0.0,1.0,5.0,3.0,1.0,1.0,4.0,0.0,0.0,0.0,26.0,0.0,4.0,1.0,3.0,2.0,0.0,0.0,0.0,1.0,20.0,0.0,1.0,4.0,21.0,146.0,2.0,3.0,12.0,1.0,5.0,4.0,85.0,5.0,1.0,0.0,1.0,22.0,31.0,61.0,0.0,61.0,1.0,4.0,0.0,4.0,0.0,0.0,133.0,3.0,1.0,3.0,2.0,0.0,30.0,0.0,13.0,12.0,0.0,0.0,1.0,3.0,1.0,0.0,1.0,0.0,0.0,0.0,0.0,0.0,7.0,0.0,0.0
Barkassenanleger/Mengestraße,0.0,0.0,0.0,0.0,0.0,0.0,0.0,0.0,0.0,0.0,0.0,0.0,0.0,21.0,0.0,0.0,0.0,0.0,0.0,29.0,0.0,0.0,0.0,0.0,0.0,0.0,0.0,0.0,0.0,0.0,0.0,0.0,0.0,0.0,0.0,0.0,1.0,0.0,0.0,0.0,0.0,1.0,0.0,0.0,0.0,0.0,0.0,0.0,0.0,0.0,0.0,0.0,0.0,0.0,0.0,0.0,0.0,0.0,0.0,0.0,0.0,0.0,0.0,0.0,0.0,0.0,0.0,2.0,0.0,0.0,0.0,0.0,0.0,0.0,0.0,0.0,0.0,22.0,0.0,0.0,0.0,0.0,1.0,0.0,0.0,0.0,0.0,0.0,0.0,8.0,0.0,2.0,0.0,0.0,0.0,0.0,0.0,0.0,0.0,0.0,0.0,0.0,1.0,0.0,0.0,0.0,0.0,0.0,0.0,0.0,0.0,2.0,0.0,11.0,0.0,0.0,0.0,0.0,0.0,0.0,0.0,0.0,0.0,0.0,10.0,0.0,0.0,0.0
Bartholomäusstraße/Beim Alten Schützenhof,7.0,0.0,13.0,2.0,1.0,1.0,0.0,17.0,0.0,0.0,5.0,6.0,0.0,0.0,78.0,11.0,15.0,14.0,3.0,0.0,0.0,12.0,10.0,0.0,2.0,42.0,1.0,27.0,11.0,0.0,2.0,0.0,16.0,1.0,0.0,0.0,0.0,2.0,24.0,0.0,0.0,0.0,10.0,5.0,39.0,2.0,16.0,33.0,7.0,2.0,22.0,149.0,7.0,6.0,1.0,1.0,59.0,11.0,17.0,0.0,1.0,0.0,9.0,16.0,5.0,0.0,8.0,3.0,10.0,17.0,40.0,8.0,13.0,5.0,14.0,1.0,5.0,0.0,13.0,3.0,2.0,1.0,1.0,3.0,225.0,5.0,3.0,0.0,0.0,0.0,0.0,2.0,1.0,1.0,3.0,4.0,5.0,0.0,1.0,50.0,38.0,5.0,3.0,0.0,1.0,0.0,4.0,6.0,1.0,1.0,4.0,1.0,1.0,16.0,19.0,0.0,2.0,26.0,8.0,10.0,16.0,68.0,10.0,36.0,0.0,31.0,1.0,18.0
Bebelallee/Meenkwiese,6.0,2.0,3.0,1.0,0.0,5.0,0.0,1.0,1.0,0.0,7.0,17.0,4.0,0.0,3.0,63.0,0.0,4.0,1.0,0.0,0.0,25.0,0.0,1.0,16.0,3.0,4.0,9.0,0.0,5.0,5.0,0.0,6.0,11.0,2.0,0.0,3.0,7.0,94.0,0.0,1.0,0.0,25.0,21.0,0.0,3.0,0.0,12.0,49.0,7.0,8.0,6.0,52.0,13.0,14.0,2.0,64.0,12.0,14.0,48.0,0.0,11.0,0.0,0.0,5.0,0.0,44.0,0.0,0.0,4.0,9.0,23.0,0.0,3.0,2.0,27.0,4.0,0.0,48.0,6.0,8.0,0.0,0.0,4.0,18.0,2.0,6.0,4.0,1.0,0.0,1.0,1.0,9.0,1.0,3.0,10.0,2.0,0.0,1.0,7.0,3.0,0.0,1.0,2.0,1.0,0.0,1.0,0.0,2.0,9.0,4.0,5.0,2.0,0.0,2.0,0.0,5.0,16.0,0.0,1.0,0.0,1.0,5.0,10.0,0.0,11.0,1.0,8.0
Bei der Hammer Kirche/Hammerpark,2.0,0.0,16.0,0.0,3.0,10.0,2.0,2.0,0.0,0.0,2.0,1.0,0.0,0.0,4.0,1.0,36.0,60.0,0.0,1.0,2.0,0.0,29.0,0.0,2.0,3.0,3.0,6.0,15.0,2.0,2.0,0.0,0.0,0.0,0.0,1.0,1.0,0.0,3.0,0.0,2.0,0.0,6.0,0.0,72.0,0.0,45.0,15.0,16.0,1.0,2.0,9.0,1.0,0.0,0.0,1.0,7.0,6.0,4.0,0.0,0.0,0.0,23.0,9.0,1.0,0.0,0.0,3.0,20.0,0.0,11.0,2.0,2.0,37.0,7.0,0.0,0.0,0.0,0.0,2.0,0.0,16.0,2.0,3.0,16.0,22.0,20.0,2.0,0.0,0.0,0.0,0.0,0.0,0.0,0.0,0.0,0.0,9.0,7.0,3.0,5.0,34.0,4.0,0.0,2.0,0.0,1.0,7.0,2.0,0.0,0.0,1.0,1.0,2.0,7.0,0.0,4.0,5.0,12.0,12.0,25.0,6.0,2.0,2.0,3.0,5.0,2.0,0.0
Berliner Tor / Berlinertordamm,5.0,1.0,129.0,3.0,5.0,74.0,4.0,7.0,3.0,1.0,12.0,4.0,0.0,0.0,2.0,1.0,11.0,70.0,2.0,1.0,29.0,2.0,76.0,3.0,1.0,0.0,7.0,38.0,89.0,0.0,2.0,2.0,3.0,5.0,1.0,2.0,1.0,1.0,18.0,2.0,1.0,7.0,9.0,2.0,373.0,9.0,41.0,30.0,27.0,1.0,8.0,3.0,3.0,1.0,11.0,12.0,4.0,27.0,6.0,2.0,4.0,0.0,9.0,31.0,15.0,1.0,0.0,4.0,28.0,7.0,87.0,31.0,20.0,76.0,3.0,0.0,38.0,4.0,0.0,22.0,3.0,4.0,5.0,16.0,17.0,16.0,56.0,9.0,0.0,1.0,0.0,10.0,2.0,0.0,7.0,0.0,2.0,25.0,4.0,13.0,6.0,4.0,2.0,5.0,7.0,1.0,1.0,41.0,21.0,10.0,0.0,1.0,2.0,10.0,3.0,1.0,20.0,8.0,3.0,11.0,4.0,36.0,4.0,12.0,7.0,14.0,38.0,4.0
Bernhard-Nocht-Straße/Zirkusweg,131.0,31.0,2.0,25.0,32.0,10.0,15.0,69.0,53.0,44.0,2.0,22.0,19.0,0.0,3.0,0.0,0.0,2.0,123.0,2.0,22.0,0.0,0.0,49.0,26.0,0.0,11.0,2.0,1.0,12.0,20.0,60.0,1.0,4.0,14.0,6.0,20.0,8.0,4.0,1.0,65.0,69.0,17.0,20.0,6.0,4.0,1.0,9.0,18.0,21.0,0.0,1.0,0.0,1.0,7.0,4.0,6.0,14.0,11.0,2.0,7.0,6.0,5.0,4.0,6.0,23.0,1.0,35.0,0.0,17.0,31.0,1.0,7.0,2.0,1.0,6.0,2.0,22.0,8.0,70.0,5.0,4.0,46.0,21.0,2.0,16.0,18.0,96.0,9.0,4.0,0.0,15.0,17.0,35.0,64.0,0.0,14.0,0.0,29.0,0.0,1.0,0.0,5.0,70.0,28.0,5.0,23.0,5.0,11.0,22.0,0.0,18.0,21.0,2.0,1.0,5.0,13.0,63.0,0.0,3.0,0.0,6.0,8.0,3.0,2.0,4.0,5.0,3.0
Berta-Kröger-Platz/Wilhelm-Strauß-Weg,0.0,0.0,0.0,0.0,0.0,0.0,0.0,0.0,0.0,0.0,0.0,0.0,0.0,22.0,0.0,0.0,0.0,0.0,0.0,25.0,1.0,0.0,0.0,0.0,0.0,0.0,0.0,0.0,0.0,0.0,0.0,0.0,0.0,0.0,0.0,0.0,0.0,0.0,0.0,0.0,0.0,0.0,0.0,0.0,2.0,0.0,0.0,1.0,0.0,0.0,0.0,0.0,0.0,0.0,0.0,0.0,0.0,0.0,0.0,0.0,0.0,0.0,0.0,0.0,0.0,0.0,0.0,1.0,0.0,0.0,0.0,0.0,0.0,0.0,0.0,0.0,0.0,29.0,0.0,0.0,0.0,0.0,0.0,0.0,0.0,0.0,0.0,0.0,0.0,2.0,0.0,0.0,0.0,0.0,0.0,0.0,0.0,0.0,0.0,0.0,0.0,0.0,0.0,0.0,1.0,0.0,0.0,0.0,0.0,0.0,0.0,0.0,0.0,0.0,0.0,0.0,0.0,0.0,0.0,0.0,0.0,0.0,0.0,0.0,7.0,0.0,0.0,0.0
Billstraße/Billhorner Deich,0.0,2.0,15.0,1.0,0.0,9.0,1.0,0.0,18.0,6.0,3.0,0.0,0.0,0.0,5.0,0.0,2.0,21.0,28.0,1.0,63.0,0.0,18.0,0.0,0.0,0.0,0.0,0.0,22.0,0.0,6.0,1.0,0.0,1.0,0.0,0.0,1.0,0.0,6.0,0.0,1.0,0.0,1.0,0.0,74.0,0.0,15.0,2.0,3.0,0.0,4.0,0.0,0.0,0.0,0.0,1.0,1.0,0.0,0.0,0.0,0.0,1.0,0.0,2.0,2.0,1.0,1.0,5.0,4.0,2.0,2.0,0.0,1.0,7.0,11.0,0.0,1.0,3.0,1.0,1.0,0.0,0.0,0.0,2.0,4.0,0.0,3.0,1.0,0.0,0.0,0.0,1.0,2.0,0.0,0.0,0.0,6.0,40.0,3.0,0.0,0.0,0.0,0.0,0.0,0.0,0.0,0.0,1.0,2.0,5.0,1.0,0.0,1.0,6.0,0.0,0.0,0.0,1.0,1.0,26.0,0.0,6.0,2.0,5.0,3.0,0.0,4.0,0.0
Borgweg/Stadtpark,4.0,3.0,0.0,0.0,0.0,0.0,0.0,0.0,5.0,0.0,2.0,5.0,0.0,0.0,15.0,28.0,0.0,3.0,0.0,0.0,0.0,79.0,3.0,0.0,1.0,4.0,1.0,4.0,0.0,0.0,4.0,0.0,9.0,2.0,0.0,0.0,0.0,0.0,42.0,0.0,0.0,0.0,12.0,4.0,3.0,6.0,0.0,4.0,2.0,1.0,10.0,2.0,25.0,3.0,12.0,0.0,105.0,5.0,4.0,21.0,1.0,2.0,2.0,0.0,0.0,0.0,7.0,1.0,4.0,2.0,2.0,32.0,1.0,6.0,1.0,1.0,1.0,0.0,9.0,0.0,7.0,3.0,0.0,3.0,17.0,0.0,1.0,0.0,0.0,0.0,0.0,0.0,5.0,0.0,0.0,27.0,0.0,0.0,0.0,13.0,17.0,0.0,5.0,3.0,0.0,0.0,0.0,0.0,0.0,4.0,22.0,5.0,5.0,1.0,1.0,0.0,2.0,12.0,1.0,3.0,0.0,17.0,8.0,41.0,0.0,16.0,0.0,36.0
Burgstraße/Hammer Landstraße,9.0,3.0,37.0,1.0,3.0,38.0,0.0,8.0,1.0,0.0,9.0,21.0,0.0,3.0,8.0,0.0,25.0,155.0,2.0,0.0,14.0,2.0,169.0,1.0,1.0,0.0,0.0,19.0,25.0,0.0,0.0,1.0,0.0,2.0,0.0,0.0,1.0,0.0,17.0,0.0,0.0,1.0,14.0,2.0,150.0,6.0,54.0,52.0,57.0,0.0,18.0,8.0,3.0,0.0,1.0,10.0,8.0,9.0,8.0,0.0,3.0,0.0,8.0,33.0,6.0,8.0,2.0,7.0,150.0,11.0,35.0,2.0,25.0,27.0,2.0,0.0,17.0,0.0,0.0,4.0,0.0,0.0,6.0,7.0,60.0,19.0,58.0,1.0,0.0,0.0,4.0,2.0,1.0,0.0,2.0,2.0,1.0,23.0,7.0,2.0,9.0,10.0,4.0,2.0,2.0,1.0,2.0,26.0,6.0,4.0,2.0,19.0,3.0,10.0,12.0,0.0,6.0,6.0,16.0,44.0,19.0,139.0,4.0,2.0,3.0,41.0,22.0,1.0
Chemnitzstraße / Max-Brauer-Allee,57.0,36.0,1.0,6.0,9.0,2.0,2.0,3.0,200.0,113.0,2.0,11.0,86.0,0.0,0.0,0.0,0.0,3.0,37.0,0.0,0.0,0.0,0.0,114.0,22.0,0.0,1.0,9.0,1.0,16.0,16.0,6.0,37.0,2.0,30.0,13.0,36.0,5.0,6.0,0.0,19.0,7.0,18.0,3.0,3.0,0.0,0.0,4.0,8.0,5.0,1.0,0.0,1.0,3.0,8.0,3.0,2.0,25.0,4.0,3.0,1.0,1.0,0.0,0.0,0.0,21.0,3.0,6.0,3.0,6.0,1.0,1.0,0.0,0.0,0.0,8.0,0.0,4.0,5.0,43.0,10.0,1.0,9.0,28.0,1.0,9.0,6.0,94.0,5.0,1.0,0.0,4.0,30.0,30.0,97.0,0.0,116.0,0.0,9.0,1.0,0.0,0.0,0.0,128.0,13.0,1.0,2.0,9.0,1.0,22.0,0.0,6.0,41.0,0.0,1.0,0.0,5.0,11.0,0.0,4.0,0.0,0.0,0.0,0.0,0.0,0.0,1.0,0.0
Christuskirche/Fruchtallee,137.0,57.0,1.0,0.0,1.0,4.0,7.0,5.0,35.0,21.0,27.0,17.0,34.0,0.0,0.0,8.0,2.0,5.0,13.0,0.0,1.0,0.0,1.0,18.0,103.0,2.0,3.0,8.0,0.0,96.0,60.0,5.0,29.0,81.0,7.0,1.0,9.0,235.0,9.0,1.0,4.0,11.0,7.0,24.0,2.0,7.0,0.0,14.0,23.0,58.0,3.0,16.0,10.0,16.0,84.0,4.0,11.0,11.0,16.0,17.0,4.0,3.0,5.0,7.0,3.0,9.0,24.0,11.0,2.0,7.0,11.0,18.0,4.0,5.0,2.0,25.0,1.0,1.0,56.0,45.0,90.0,10.0,21.0,39.0,11.0,3.0,7.0,95.0,1.0,0.0,0.0,0.0,80.0,7.0,78.0,2.0,25.0,0.0,7.0,1.0,0.0,2.0,2.0,107.0,12.0,8.0,2.0,2.0,5.0,83.0,0.0,13.0,68.0,0.0,2.0,1.0,23.0,32.0,0.0,5.0,0.0,1.0,2.0,1.0,0.0,7.0,5.0,0.0
Dehnhaide/Barmbeker Markt,0.0,0.0,19.0,8.0,1.0,1.0,3.0,2.0,0.0,0.0,6.0,4.0,1.0,0.0,14.0,6.0,0.0,9.0,0.0,0.0,3.0,3.0,1.0,1.0,1.0,31.0,0.0,5.0,2.0,0.0,1.0,0.0,0.0,0.0,0.0,1.0,5.0,0.0,14.0,0.0,0.0,0.0,14.0,2.0,5.0,1.0,5.0,18.0,19.0,0.0,18.0,26.0,5.0,0.0,1.0,1.0,39.0,13.0,5.0,4.0,5.0,1.0,20.0,1.0,0.0,0.0,7.0,1.0,4.0,0.0,12.0,4.0,8.0,9.0,13.0,0.0,5.0,1.0,3.0,1.0,2.0,0.0,0.0,15.0,40.0,0.0,2.0,1.0,20.0,0.0,2.0,0.0,0.0,0.0,4.0,0.0,1.0,1.0,2.0,8.0,27.0,2.0,1.0,0.0,2.0,5.0,0.0,3.0,2.0,4.0,7.0,1.0,1.0,6.0,8.0,0.0,3.0,4.0,14.0,9.0,3.0,13.0,49.0,32.0,1.0,20.0,26.0,3.0
Domstraße/Willy-Brandt-Straße,1.0,2.0,14.0,2.0,39.0,3.0,2.0,15.0,4.0,0.0,1.0,30.0,1.0,0.0,0.0,1.0,1.0,0.0,9.0,0.0,0.0,0.0,2.0,17.0,6.0,1.0,43.0,7.0,5.0,21.0,7.0,1.0,1.0,3.0,0.0,1.0,5.0,2.0,16.0,0.0,3.0,26.0,4.0,1.0,2.0,0.0,2.0,20.0,22.0,3.0,9.0,3.0,0.0,0.0,4.0,7.0,1.0,18.0,7.0,0.0,12.0,0.0,1.0,33.0,19.0,4.0,0.0,10.0,3.0,4.0,2.0,1.0,0.0,1.0,0.0,10.0,2.0,0.0,0.0,7.0,4.0,6.0,4.0,9.0,2.0,7.0,91.0,18.0,1.0,0.0,0.0,6.0,2.0,12.0,13.0,0.0,13.0,0.0,4.0,0.0,0.0,0.0,2.0,14.0,2.0,3.0,5.0,14.0,19.0,7.0,0.0,19.0,1.0,3.0,0.0,10.0,1.0,9.0,0.0,0.0,1.0,8.0,1.0,0.0,0.0,4.0,6.0,0.0
Eduard-Rhein-Ufer / Schwanenwik,30.0,7.0,27.0,3.0,17.0,12.0,2.0,24.0,2.0,2.0,46.0,15.0,1.0,1.0,27.0,7.0,9.0,36.0,2.0,0.0,1.0,11.0,52.0,18.0,4.0,14.0,3.0,97.0,1.0,0.0,6.0,1.0,33.0,8.0,0.0,0.0,0.0,9.0,43.0,0.0,5.0,6.0,42.0,17.0,5.0,91.0,18.0,92.0,54.0,5.0,53.0,11.0,56.0,2.0,13.0,10.0,45.0,126.0,63.0,13.0,9.0,3.0,57.0,5.0,12.0,0.0,10.0,4.0,22.0,26.0,65.0,72.0,12.0,20.0,46.0,8.0,10.0,0.0,18.0,12.0,2.0,3.0,3.0,11.0,56.0,16.0,19.0,14.0,1.0,0.0,1.0,11.0,9.0,5.0,2.0,2.0,1.0,2.0,8.0,4.0,9.0,0.0,13.0,7.0,26.0,5.0,2.0,22.0,3.0,12.0,1.0,5.0,3.0,18.0,13.0,15.0,43.0,19.0,5.0,20.0,16.0,24.0,5.0,8.0,1.0,41.0,9.0,1.0
Eiffestrasse/Normannenweg,2.0,2.0,13.0,3.0,6.0,12.0,0.0,0.0,1.0,0.0,1.0,0.0,0.0,0.0,24.0,0.0,27.0,127.0,2.0,0.0,12.0,0.0,20.0,2.0,0.0,0.0,2.0,2.0,49.0,0.0,0.0,1.0,0.0,5.0,0.0,0.0,0.0,0.0,1.0,0.0,0.0,0.0,2.0,0.0,346.0,0.0,3.0,16.0,12.0,0.0,19.0,1.0,1.0,0.0,0.0,1.0,1.0,6.0,2.0,0.0,2.0,0.0,1.0,8.0,1.0,1.0,0.0,0.0,15.0,3.0,14.0,0.0,4.0,40.0,1.0,0.0,27.0,0.0,0.0,0.0,0.0,1.0,4.0,1.0,9.0,2.0,12.0,0.0,0.0,0.0,0.0,1.0,0.0,0.0,1.0,0.0,0.0,5.0,1.0,0.0,3.0,24.0,12.0,0.0,0.0,0.0,4.0,19.0,4.0,0.0,0.0,3.0,0.0,3.0,0.0,0.0,1.0,1.0,2.0,6.0,0.0,6.0,0.0,0.0,1.0,3.0,6.0,0.0
Eimsbütteler Straße/Waterloostraße,71.0,79.0,1.0,2.0,10.0,4.0,0.0,13.0,59.0,56.0,18.0,22.0,34.0,0.0,0.0,1.0,0.0,4.0,6.0,0.0,0.0,0.0,0.0,19.0,116.0,0.0,4.0,1.0,0.0,129.0,29.0,2.0,12.0,27.0,10.0,11.0,8.0,40.0,3.0,0.0,11.0,3.0,7.0,6.0,0.0,1.0,4.0,18.0,19.0,44.0,18.0,0.0,3.0,4.0,13.0,1.0,2.0,5.0,3.0,5.0,4.0,0.0,0.0,2.0,0.0,9.0,9.0,6.0,2.0,5.0,4.0,3.0,0.0,2.0,0.0,10.0,0.0,3.0,31.0,21.0,28.0,19.0,5.0,9.0,1.0,17.0,2.0,104.0,0.0,0.0,1.0,0.0,61.0,8.0,69.0,0.0,36.0,0.0,4.0,0.0,3.0,0.0,10.0,162.0,7.0,3.0,30.0,1.0,1.0,107.0,0.0,2.0,91.0,0.0,2.0,1.0,14.0,43.0,1.0,0.0,6.0,1.0,1.0,0.0,0.0,6.0,0.0,0.0
Emilienstraße/Fruchtallee,57.0,104.0,7.0,4.0,1.0,3.0,9.0,4.0,33.0,30.0,30.0,24.0,39.0,0.0,1.0,6.0,0.0,2.0,46.0,0.0,0.0,4.0,0.0,20.0,60.0,1.0,7.0,5.0,2.0,23.0,68.0,0.0,9.0,7.0,1.0,3.0,12.0,29.0,9.0,0.0,7.0,16.0,33.0,17.0,0.0,5.0,0.0,4.0,9.0,24.0,3.0,3.0,2.0,9.0,12.0,0.0,3.0,3.0,7.0,6.0,1.0,2.0,0.0,2.0,1.0,9.0,7.0,6.0,0.0,4.0,6.0,6.0,0.0,3.0,0.0,9.0,2.0,0.0,68.0,21.0,50.0,4.0,0.0,29.0,4.0,2.0,4.0,102.0,0.0,0.0,0.0,1.0,49.0,6.0,65.0,1.0,58.0,0.0,8.0,0.0,1.0,0.0,1.0,249.0,7.0,7.0,1.0,1.0,9.0,29.0,0.0,4.0,101.0,1.0,0.0,0.0,15.0,33.0,5.0,0.0,0.0,2.0,0.0,0.0,0.0,0.0,1.0,0.0
Enckeplatz / Hütten,24.0,0.0,1.0,9.0,4.0,0.0,1.0,5.0,10.0,13.0,11.0,24.0,3.0,0.0,1.0,0.0,0.0,0.0,70.0,0.0,0.0,0.0,1.0,10.0,7.0,0.0,0.0,20.0,0.0,2.0,1.0,33.0,0.0,1.0,0.0,1.0,2.0,4.0,1.0,0.0,7.0,14.0,3.0,4.0,1.0,0.0,0.0,2.0,12.0,3.0,1.0,1.0,0.0,0.0,4.0,2.0,1.0,29.0,9.0,0.0,4.0,0.0,0.0,1.0,3.0,13.0,0.0,15.0,0.0,1.0,5.0,5.0,0.0,0.0,3.0,0.0,0.0,1.0,0.0,23.0,1.0,8.0,4.0,27.0,3.0,6.0,1.0,20.0,2.0,0.0,0.0,0.0,5.0,7.0,28.0,0.0,23.0,0.0,15.0,0.0,1.0,0.0,1.0,10.0,11.0,23.0,11.0,1.0,0.0,8.0,0.0,5.0,2.0,0.0,0.0,21.0,8.0,35.0,0.0,0.0,0.0,1.0,0.0,0.0,0.0,0.0,0.0,0.0
Eppendorfer Baum / Isestraße,105.0,4.0,7.0,3.0,2.0,0.0,0.0,3.0,4.0,0.0,18.0,11.0,7.0,0.0,16.0,6.0,0.0,4.0,3.0,0.0,0.0,7.0,0.0,30.0,32.0,0.0,1.0,30.0,0.0,7.0,11.0,0.0,93.0,58.0,1.0,0.0,4.0,40.0,55.0,0.0,1.0,3.0,12.0,32.0,15.0,23.0,0.0,5.0,19.0,27.0,18.0,2.0,39.0,13.0,61.0,5.0,21.0,17.0,41.0,40.0,1.0,1.0,1.0,2.0,12.0,1.0,60.0,1.0,0.0,3.0,17.0,38.0,4.0,2.0,0.0,99.0,0.0,0.0,429.0,11.0,9.0,0.0,0.0,4.0,4.0,4.0,12.0,9.0,2.0,0.0,0.0,1.0,58.0,2.0,5.0,0.0,1.0,0.0,2.0,1.0,3.0,2.0,1.0,13.0,8.0,2.0,2.0,2.0,3.0,17.0,0.0,4.0,7.0,3.0,1.0,10.0,13.0,47.0,1.0,0.0,0.0,17.0,2.0,0.0,0.0,8.0,1.0,0.0
Eppendorfer Weg/Hoheluftchaussee,69.0,40.0,1.0,1.0,5.0,1.0,0.0,8.0,37.0,14.0,49.0,6.0,11.0,0.0,2.0,11.0,0.0,6.0,13.0,0.0,1.0,3.0,0.0,7.0,81.0,0.0,1.0,6.0,3.0,27.0,15.0,2.0,57.0,82.0,4.0,1.0,4.0,86.0,38.0,0.0,4.0,2.0,13.0,43.0,2.0,9.0,0.0,7.0,18.0,74.0,15.0,0.0,16.0,15.0,59.0,9.0,13.0,42.0,12.0,1.0,3.0,5.0,0.0,1.0,3.0,0.0,39.0,4.0,2.0,1.0,17.0,52.0,0.0,10.0,0.0,13.0,1.0,0.0,67.0,18.0,64.0,0.0,5.0,11.0,2.0,8.0,9.0,41.0,0.0,0.0,0.0,3.0,97.0,1.0,9.0,11.0,12.0,0.0,1.0,5.0,1.0,0.0,12.0,46.0,21.0,10.0,0.0,3.0,2.0,28.0,0.0,4.0,12.0,1.0,0.0,2.0,11.0,25.0,0.0,3.0,0.0,2.0,1.0,11.0,1.0,1.0,1.0,1.0
Eulenstraße/Große Brunnenstraße,10.0,24.0,0.0,4.0,1.0,0.0,0.0,1.0,30.0,76.0,2.0,1.0,57.0,0.0,0.0,0.0,0.0,0.0,10.0,0.0,0.0,0.0,0.0,12.0,3.0,0.0,0.0,0.0,0.0,4.0,3.0,1.0,0.0,3.0,106.0,9.0,17.0,2.0,1.0,0.0,36.0,0.0,26.0,0.0,0.0,0.0,0.0,0.0,0.0,3.0,0.0,1.0,0.0,0.0,1.0,0.0,1.0,0.0,1.0,0.0,0.0,0.0,0.0,0.0,0.0,14.0,0.0,2.0,0.0,0.0,0.0,0.0,0.0,0.0,0.0,2.0,0.0,1.0,4.0,3.0,14.0,0.0,0.0,7.0,0.0,0.0,1.0,18.0,1.0,0.0,0.0,2.0,3.0,7.0,26.0,0.0,30.0,0.0,1.0,0.0,0.0,0.0,0.0,25.0,4.0,4.0,0.0,0.0,0.0,4.0,0.0,5.0,6.0,0.0,4.0,1.0,7.0,8.0,0.0,0.0,0.0,2.0,0.0,0.0,0.0,0.0,0.0,0.0
Fischersallee/Bleickenallee,6.0,17.0,2.0,0.0,0.0,0.0,1.0,1.0,44.0,121.0,3.0,1.0,29.0,0.0,0.0,0.0,0.0,0.0,5.0,0.0,0.0,0.0,0.0,9.0,3.0,1.0,7.0,0.0,0.0,6.0,4.0,4.0,1.0,0.0,6.0,32.0,9.0,2.0,2.0,0.0,52.0,2.0,0.0,6.0,0.0,0.0,0.0,0.0,0.0,2.0,0.0,0.0,1.0,0.0,1.0,0.0,0.0,1.0,0.0,1.0,0.0,0.0,0.0,0.0,0.0,7.0,0.0,5.0,0.0,0.0,0.0,0.0,0.0,0.0,0.0,0.0,0.0,0.0,3.0,2.0,7.0,0.0,0.0,9.0,0.0,2.0,1.0,17.0,1.0,0.0,1.0,2.0,2.0,11.0,10.0,0.0,28.0,0.0,2.0,0.0,0.0,0.0,0.0,28.0,2.0,0.0,0.0,0.0,0.0,3.0,0.0,3.0,8.0,0.0,0.0,0.0,5.0,1.0,0.0,0.0,0.0,0.0,0.0,0.0,0.0,0.0,0.0,0.0
Fischmarkt/Breite Straße,32.0,77.0,0.0,6.0,7.0,2.0,1.0,11.0,120.0,71.0,3.0,5.0,45.0,1.0,0.0,1.0,0.0,1.0,21.0,0.0,0.0,0.0,4.0,51.0,9.0,4.0,1.0,0.0,0.0,20.0,10.0,15.0,1.0,10.0,18.0,5.0,54.0,11.0,4.0,0.0,58.0,36.0,8.0,1.0,1.0,2.0,0.0,9.0,14.0,13.0,2.0,1.0,0.0,1.0,6.0,3.0,0.0,5.0,4.0,0.0,5.0,1.0,0.0,6.0,6.0,36.0,3.0,64.0,0.0,9.0,0.0,0.0,1.0,0.0,0.0,7.0,0.0,17.0,32.0,24.0,4.0,4.0,42.0,29.0,0.0,5.0,5.0,54.0,19.0,1.0,0.0,5.0,6.0,74.0,32.0,0.0,114.0,0.0,4.0,0.0,0.0,0.0,3.0,28.0,11.0,6.0,6.0,2.0,3.0,17.0,0.0,35.0,5.0,0.0,0.0,4.0,1.0,16.0,0.0,1.0,0.0,0.0,0.0,1.0,6.0,0.0,5.0,0.0
Goebenstraße/Eppendorfer Weg,152.0,83.0,1.0,2.0,0.0,0.0,0.0,13.0,35.0,41.0,40.0,32.0,36.0,0.0,0.0,6.0,0.0,0.0,13.0,0.0,6.0,2.0,0.0,7.0,223.0,0.0,1.0,11.0,0.0,29.0,40.0,2.0,64.0,119.0,4.0,2.0,17.0,184.0,13.0,2.0,4.0,11.0,9.0,67.0,0.0,14.0,0.0,5.0,27.0,88.0,6.0,0.0,6.0,10.0,213.0,0.0,24.0,33.0,27.0,18.0,6.0,7.0,1.0,1.0,4.0,5.0,36.0,23.0,0.0,5.0,17.0,29.0,1.0,1.0,1.0,52.0,1.0,0.0,124.0,19.0,109.0,1.0,8.0,30.0,2.0,4.0,4.0,81.0,0.0,0.0,0.0,1.0,73.0,6.0,53.0,4.0,32.0,2.0,2.0,3.0,0.0,0.0,5.0,167.0,16.0,19.0,14.0,3.0,6.0,72.0,1.0,6.0,181.0,0.0,1.0,0.0,28.0,68.0,0.0,0.0,0.0,0.0,7.0,1.0,0.0,15.0,1.0,1.0
Goldbekplatz / Semperstraße,89.0,9.0,23.0,11.0,7.0,1.0,2.0,2.0,3.0,2.0,31.0,55.0,1.0,0.0,22.0,48.0,4.0,22.0,8.0,0.0,6.0,42.0,10.0,4.0,20.0,10.0,14.0,58.0,5.0,4.0,6.0,7.0,57.0,15.0,0.0,0.0,1.0,8.0,212.0,0.0,3.0,3.0,34.0,77.0,21.0,79.0,10.0,120.0,105.0,34.0,38.0,12.0,142.0,6.0,27.0,5.0,76.0,38.0,32.0,104.0,7.0,7.0,52.0,6.0,8.0,1.0,101.0,6.0,14.0,42.0,70.0,57.0,5.0,27.0,14.0,43.0,3.0,0.0,48.0,3.0,22.0,1.0,8.0,18.0,58.0,11.0,32.0,10.0,0.0,0.0,6.0,5.0,20.0,6.0,4.0,25.0,4.0,0.0,22.0,27.0,95.0,1.0,7.0,19.0,5.0,13.0,9.0,11.0,0.0,23.0,6.0,7.0,9.0,5.0,14.0,2.0,19.0,116.0,0.0,4.0,15.0,14.0,42.0,81.0,0.0,61.0,2.0,60.0
Grasbrookpark/Überseequartier,4.0,0.0,0.0,0.0,2.0,0.0,0.0,3.0,0.0,0.0,0.0,0.0,0.0,0.0,0.0,0.0,2.0,2.0,0.0,0.0,0.0,0.0,0.0,0.0,0.0,0.0,0.0,0.0,0.0,0.0,0.0,0.0,0.0,0.0,0.0,0.0,0.0,0.0,0.0,1.0,1.0,1.0,3.0,0.0,5.0,0.0,0.0,1.0,0.0,0.0,0.0,0.0,0.0,0.0,0.0,3.0,0.0,5.0,3.0,0.0,0.0,0.0,0.0,0.0,0.0,0.0,0.0,5.0,0.0,3.0,0.0,0.0,0.0,0.0,0.0,0.0,0.0,0.0,0.0,0.0,0.0,7.0,0.0,0.0,0.0,6.0,4.0,1.0,0.0,0.0,0.0,3.0,0.0,1.0,0.0,0.0,0.0,0.0,0.0,0.0,0.0,0.0,2.0,0.0,0.0,0.0,0.0,0.0,0.0,0.0,0.0,6.0,0.0,0.0,0.0,4.0,0.0,0.0,0.0,0.0,0.0,0.0,0.0,0.0,0.0,0.0,2.0,0.0
Große Bergstraße / Jessenstraße,19.0,23.0,2.0,5.0,7.0,1.0,0.0,12.0,222.0,126.0,2.0,8.0,45.0,0.0,1.0,0.0,1.0,0.0,23.0,0.0,0.0,0.0,0.0,21.0,12.0,1.0,5.0,6.0,2.0,6.0,4.0,16.0,1.0,0.0,63.0,60.0,56.0,7.0,4.0,0.0,72.0,11.0,2.0,2.0,2.0,4.0,0.0,3.0,4.0,3.0,4.0,0.0,1.0,0.0,3.0,9.0,0.0,7.0,1.0,0.0,1.0,0.0,0.0,1.0,3.0,37.0,0.0,17.0,0.0,1.0,2.0,0.0,6.0,3.0,0.0,12.0,0.0,11.0,4.0,21.0,22.0,7.0,7.0,38.0,5.0,5.0,14.0,68.0,0.0,1.0,0.0,2.0,5.0,37.0,69.0,0.0,66.0,0.0,51.0,0.0,1.0,0.0,5.0,68.0,18.0,3.0,1.0,2.0,4.0,20.0,0.0,8.0,7.0,0.0,1.0,14.0,2.0,23.0,0.0,0.0,0.0,0.0,1.0,2.0,1.0,8.0,1.0,1.0
Großneumarkt/Thielbek,28.0,12.0,4.0,29.0,26.0,7.0,10.0,8.0,16.0,5.0,9.0,35.0,3.0,0.0,1.0,0.0,0.0,4.0,84.0,0.0,0.0,0.0,2.0,5.0,9.0,1.0,6.0,7.0,0.0,2.0,11.0,6.0,5.0,2.0,3.0,1.0,39.0,17.0,3.0,1.0,15.0,47.0,28.0,6.0,22.0,5.0,2.0,33.0,19.0,2.0,3.0,0.0,3.0,0.0,1.0,12.0,2.0,41.0,7.0,1.0,9.0,0.0,0.0,3.0,8.0,2.0,2.0,7.0,0.0,3.0,11.0,2.0,0.0,1.0,2.0,0.0,1.0,2.0,1.0,52.0,29.0,8.0,10.0,57.0,1.0,48.0,23.0,38.0,1.0,0.0,2.0,4.0,10.0,3.0,34.0,0.0,25.0,1.0,72.0,0.0,1.0,0.0,8.0,25.0,11.0,10.0,19.0,0.0,4.0,15.0,0.0,6.0,13.0,1.0,1.0,11.0,12.0,26.0,0.0,0.0,0.0,1.0,0.0,1.0,0.0,0.0,7.0,0.0
Gänsemarkt / Büschstraße,44.0,5.0,4.0,9.0,56.0,14.0,5.0,28.0,9.0,7.0,13.0,17.0,13.0,0.0,17.0,27.0,12.0,22.0,26.0,0.0,1.0,0.0,6.0,28.0,14.0,27.0,7.0,64.0,9.0,12.0,21.0,51.0,7.0,6.0,28.0,1.0,4.0,8.0,34.0,0.0,11.0,41.0,76.0,14.0,1.0,40.0,18.0,30.0,148.0,10.0,19.0,1.0,19.0,3.0,3.0,13.0,38.0,48.0,7.0,4.0,31.0,0.0,28.0,7.0,29.0,4.0,20.0,24.0,24.0,32.0,22.0,18.0,14.0,40.0,5.0,15.0,0.0,0.0,5.0,29.0,32.0,4.0,15.0,51.0,4.0,29.0,17.0,40.0,2.0,0.0,0.0,13.0,48.0,6.0,37.0,0.0,36.0,1.0,23.0,9.0,11.0,0.0,12.0,8.0,18.0,6.0,14.0,49.0,7.0,13.0,1.0,14.0,13.0,2.0,3.0,17.0,47.0,65.0,1.0,1.0,0.0,2.0,24.0,9.0,0.0,14.0,29.0,0.0
Hallerstraße / Rohtenbaumchaussee,153.0,8.0,3.0,4.0,6.0,1.0,3.0,5.0,9.0,11.0,88.0,20.0,16.0,0.0,4.0,13.0,0.0,6.0,16.0,0.0,1.0,4.0,1.0,4.0,25.0,8.0,0.0,19.0,0.0,15.0,11.0,4.0,33.0,44.0,3.0,7.0,6.0,76.0,77.0,1.0,1.0,6.0,18.0,75.0,0.0,59.0,1.0,42.0,14.0,52.0,34.0,1.0,13.0,30.0,45.0,4.0,22.0,26.0,29.0,17.0,4.0,0.0,0.0,1.0,5.0,0.0,11.0,5.0,3.0,7.0,18.0,44.0,17.0,18.0,3.0,27.0,5.0,0.0,47.0,45.0,25.0,1.0,8.0,21.0,10.0,4.0,11.0,35.0,0.0,0.0,0.0,4.0,37.0,10.0,27.0,1.0,6.0,0.0,3.0,2.0,10.0,1.0,0.0,37.0,12.0,14.0,3.0,5.0,0.0,38.0,0.0,9.0,55.0,3.0,1.0,2.0,32.0,375.0,1.0,2.0,17.0,4.0,1.0,12.0,0.0,24.0,2.0,1.0
Hammerbrook / Sachsenfeld,11.0,7.0,27.0,3.0,27.0,62.0,4.0,12.0,2.0,0.0,3.0,17.0,0.0,0.0,51.0,1.0,87.0,291.0,8.0,0.0,64.0,0.0,135.0,1.0,0.0,3.0,3.0,3.0,321.0,0.0,0.0,6.0,8.0,0.0,0.0,0.0,1.0,22.0,53.0,1.0,5.0,26.0,2.0,2.0,134.0,0.0,11.0,20.0,20.0,0.0,21.0,4.0,10.0,0.0,5.0,9.0,10.0,16.0,3.0,0.0,3.0,0.0,5.0,28.0,3.0,15.0,4.0,13.0,28.0,6.0,32.0,0.0,4.0,43.0,1.0,22.0,36.0,5.0,1.0,3.0,1.0,4.0,0.0,2.0,33.0,10.0,38.0,2.0,0.0,0.0,0.0,22.0,3.0,0.0,4.0,0.0,3.0,10.0,5.0,1.0,20.0,4.0,12.0,1.0,2.0,0.0,2.0,44.0,23.0,0.0,0.0,1.0,7.0,0.0,1.0,0.0,6.0,2.0,1.0,3.0,1.0,7.0,10.0,2.0,14.0,10.0,48.0,2.0
Harvestehuder Weg / Alte Rabenstraße,54.0,0.0,8.0,7.0,2.0,1.0,0.0,10.0,0.0,0.0,272.0,59.0,2.0,0.0,8.0,11.0,1.0,9.0,5.0,0.0,0.0,8.0,1.0,1.0,2.0,0.0,3.0,87.0,1.0,4.0,1.0,9.0,13.0,11.0,0.0,2.0,1.0,9.0,87.0,0.0,20.0,2.0,31.0,69.0,1.0,77.0,2.0,32.0,45.0,2.0,51.0,2.0,15.0,3.0,10.0,5.0,44.0,33.0,71.0,7.0,20.0,0.0,0.0,19.0,19.0,0.0,11.0,2.0,1.0,23.0,45.0,43.0,2.0,8.0,2.0,9.0,1.0,0.0,10.0,8.0,5.0,1.0,1.0,11.0,11.0,10.0,9.0,11.0,0.0,0.0,0.0,2.0,12.0,0.0,5.0,7.0,0.0,0.0,6.0,4.0,7.0,0.0,0.0,9.0,8.0,0.0,5.0,14.0,4.0,14.0,0.0,1.0,15.0,10.0,12.0,13.0,13.0,56.0,0.0,4.0,0.0,3.0,3.0,19.0,0.0,23.0,1.0,2.0
Hasselbrookstraße/Papenstraße,1.0,0.0,28.0,0.0,0.0,5.0,0.0,0.0,0.0,0.0,6.0,3.0,0.0,0.0,28.0,0.0,24.0,31.0,0.0,0.0,2.0,1.0,29.0,0.0,2.0,8.0,0.0,15.0,3.0,5.0,0.0,1.0,0.0,0.0,0.0,0.0,0.0,0.0,6.0,1.0,0.0,6.0,2.0,3.0,8.0,1.0,52.0,12.0,17.0,0.0,9.0,28.0,9.0,0.0,0.0,1.0,8.0,1.0,4.0,1.0,0.0,0.0,21.0,3.0,6.0,0.0,0.0,0.0,36.0,2.0,8.0,3.0,15.0,13.0,32.0,0.0,7.0,0.0,0.0,0.0,0.0,0.0,1.0,4.0,35.0,4.0,9.0,1.0,0.0,0.0,9.0,1.0,0.0,0.0,0.0,0.0,2.0,1.0,5.0,4.0,2.0,30.0,0.0,1.0,1.0,0.0,1.0,8.0,1.0,4.0,0.0,2.0,0.0,12.0,9.0,0.0,4.0,5.0,22.0,21.0,46.0,21.0,10.0,9.0,0.0,12.0,4.0,2.0
Hauptbahnhof Ost / Hachmannplatz,60.0,15.0,85.0,3.0,4.0,87.0,8.0,10.0,1.0,4.0,23.0,15.0,3.0,0.0,15.0,12.0,5.0,18.0,1.0,3.0,2.0,5.0,36.0,8.0,20.0,9.0,5.0,86.0,14.0,17.0,8.0,1.0,5.0,5.0,0.0,1.0,6.0,8.0,177.0,1.0,2.0,16.0,26.0,12.0,32.0,32.0,4.0,76.0,6.0,3.0,114.0,17.0,22.0,16.0,16.0,7.0,62.0,24.0,22.0,0.0,10.0,0.0,7.0,41.0,6.0,2.0,6.0,9.0,11.0,11.0,165.0,14.0,26.0,66.0,12.0,10.0,12.0,3.0,19.0,13.0,20.0,3.0,7.0,10.0,42.0,13.0,8.0,26.0,2.0,0.0,9.0,7.0,7.0,1.0,8.0,1.0,4.0,0.0,7.0,8.0,26.0,7.0,13.0,10.0,3.0,3.0,5.0,37.0,13.0,20.0,2.0,7.0,5.0,10.0,17.0,10.0,33.0,31.0,11.0,10.0,1.0,24.0,17.0,10.0,1.0,115.0,11.0,2.0
Hauptbahnhof West / Glockengießer Wall,47.0,8.0,17.0,17.0,60.0,52.0,14.0,25.0,5.0,1.0,43.0,30.0,4.0,0.0,10.0,30.0,19.0,17.0,8.0,4.0,7.0,3.0,68.0,10.0,14.0,1.0,5.0,45.0,11.0,17.0,6.0,20.0,12.0,11.0,0.0,0.0,19.0,22.0,39.0,7.0,7.0,8.0,193.0,19.0,18.0,32.0,10.0,6.0,46.0,12.0,38.0,9.0,29.0,11.0,14.0,5.0,30.0,57.0,69.0,3.0,27.0,1.0,21.0,33.0,7.0,1.0,6.0,12.0,5.0,2.0,51.0,29.0,1.0,24.0,20.0,2.0,1.0,2.0,16.0,23.0,22.0,5.0,4.0,21.0,23.0,11.0,7.0,29.0,1.0,0.0,0.0,61.0,22.0,1.0,21.0,0.0,7.0,0.0,14.0,2.0,7.0,14.0,9.0,27.0,42.0,12.0,7.0,19.0,4.0,34.0,0.0,11.0,13.0,4.0,36.0,34.0,33.0,40.0,2.0,4.0,1.0,4.0,23.0,6.0,5.0,77.0,19.0,0.0
Heußweg/Wiesenstraße,118.0,63.0,2.0,4.0,4.0,2.0,0.0,3.0,40.0,17.0,37.0,16.0,22.0,0.0,0.0,9.0,0.0,1.0,7.0,0.0,1.0,0.0,0.0,15.0,80.0,0.0,3.0,3.0,5.0,49.0,35.0,5.0,31.0,61.0,1.0,1.0,13.0,97.0,25.0,0.0,5.0,10.0,13.0,41.0,1.0,5.0,0.0,8.0,22.0,89.0,11.0,0.0,6.0,10.0,53.0,8.0,9.0,7.0,16.0,3.0,5.0,17.0,0.0,0.0,7.0,12.0,21.0,7.0,0.0,8.0,9.0,18.0,0.0,3.0,0.0,21.0,0.0,3.0,89.0,20.0,47.0,4.0,12.0,29.0,0.0,3.0,7.0,67.0,1.0,0.0,0.0,6.0,84.0,6.0,28.0,2.0,12.0,0.0,2.0,0.0,1.0,0.0,3.0,154.0,15.0,18.0,0.0,2.0,1.0,48.0,0.0,9.0,79.0,0.0,0.0,0.0,33.0,59.0,0.0,0.0,0.0,0.0,0.0,1.0,11.0,3.0,0.0,1.0
Hofweg/Am Langenzug,45.0,3.0,17.0,5.0,5.0,6.0,4.0,5.0,1.0,2.0,24.0,15.0,3.0,0.0,23.0,16.0,2.0,13.0,4.0,0.0,8.0,11.0,10.0,1.0,3.0,12.0,2.0,43.0,19.0,7.0,2.0,5.0,22.0,18.0,0.0,0.0,1.0,8.0,41.0,0.0,0.0,11.0,24.0,44.0,26.0,60.0,12.0,136.0,54.0,9.0,80.0,31.0,31.0,1.0,7.0,3.0,43.0,76.0,28.0,19.0,19.0,0.0,6.0,24.0,25.0,4.0,9.0,5.0,10.0,28.0,78.0,49.0,8.0,41.0,6.0,6.0,10.0,0.0,33.0,7.0,6.0,2.0,2.0,13.0,64.0,9.0,18.0,7.0,0.0,0.0,2.0,4.0,3.0,0.0,6.0,6.0,16.0,0.0,9.0,4.0,66.0,0.0,5.0,3.0,17.0,0.0,4.0,10.0,10.0,11.0,4.0,1.0,7.0,5.0,5.0,3.0,8.0,113.0,3.0,7.0,3.0,19.0,21.0,26.0,0.0,42.0,20.0,29.0
Holsteinischer Kamp/ Wagnerstraße,4.0,3.0,7.0,0.0,2.0,1.0,6.0,14.0,0.0,0.0,8.0,3.0,0.0,2.0,202.0,7.0,10.0,13.0,1.0,0.0,1.0,8.0,3.0,0.0,15.0,28.0,1.0,18.0,4.0,0.0,2.0,1.0,0.0,0.0,0.0,0.0,0.0,0.0,12.0,0.0,0.0,5.0,7.0,1.0,2.0,2.0,35.0,10.0,10.0,0.0,15.0,68.0,3.0,1.0,1.0,2.0,95.0,15.0,7.0,2.0,1.0,0.0,37.0,10.0,3.0,0.0,0.0,0.0,28.0,35.0,18.0,6.0,7.0,8.0,49.0,0.0,3.0,0.0,3.0,1.0,1.0,2.0,0.0,1.0,43.0,2.0,6.0,6.0,0.0,1.0,7.0,0.0,0.0,0.0,1.0,7.0,1.0,0.0,2.0,28.0,186.0,4.0,4.0,3.0,2.0,1.0,2.0,5.0,0.0,4.0,3.0,1.0,1.0,32.0,15.0,1.0,1.0,2.0,9.0,74.0,9.0,36.0,123.0,47.0,0.0,26.0,0.0,29.0
Hudtwalckerstraße / Bebelallee,30.0,6.0,7.0,9.0,4.0,30.0,2.0,0.0,3.0,1.0,19.0,13.0,4.0,0.0,8.0,45.0,2.0,2.0,5.0,0.0,0.0,40.0,17.0,3.0,4.0,2.0,8.0,57.0,3.0,3.0,2.0,2.0,23.0,13.0,1.0,2.0,0.0,8.0,152.0,0.0,1.0,4.0,28.0,34.0,13.0,30.0,1.0,36.0,24.0,7.0,32.0,5.0,64.0,2.0,21.0,2.0,121.0,28.0,28.0,21.0,7.0,7.0,1.0,2.0,4.0,0.0,44.0,0.0,1.0,7.0,23.0,77.0,3.0,9.0,1.0,17.0,5.0,0.0,33.0,2.0,11.0,2.0,3.0,7.0,14.0,2.0,7.0,4.0,1.0,0.0,2.0,1.0,9.0,0.0,7.0,6.0,0.0,0.0,4.0,9.0,7.0,2.0,2.0,6.0,3.0,3.0,18.0,4.0,2.0,18.0,2.0,2.0,2.0,0.0,1.0,0.0,8.0,13.0,1.0,7.0,0.0,7.0,4.0,22.0,0.0,28.0,0.0,20.0
Innocentiapark/Oberstraße,53.0,2.0,0.0,1.0,0.0,2.0,0.0,1.0,4.0,2.0,10.0,11.0,1.0,0.0,9.0,6.0,0.0,2.0,5.0,0.0,0.0,2.0,0.0,2.0,10.0,0.0,0.0,3.0,0.0,1.0,9.0,0.0,12.0,8.0,0.0,0.0,0.0,13.0,11.0,0.0,0.0,0.0,1.0,20.0,0.0,2.0,0.0,11.0,9.0,7.0,8.0,0.0,2.0,35.0,8.0,0.0,5.0,4.0,10.0,5.0,2.0,0.0,0.0,0.0,0.0,0.0,18.0,0.0,0.0,1.0,5.0,13.0,2.0,1.0,0.0,10.0,0.0,0.0,10.0,17.0,11.0,1.0,0.0,4.0,0.0,0.0,3.0,4.0,0.0,0.0,0.0,1.0,28.0,3.0,2.0,10.0,0.0,0.0,2.0,1.0,0.0,0.0,0.0,19.0,4.0,3.0,2.0,0.0,1.0,4.0,0.0,1.0,10.0,0.0,1.0,0.0,10.0,28.0,0.0,0.0,0.0,0.0,3.0,1.0,0.0,12.0,2.0,0.0
Isestraße / Hoheluftbrücke,77.0,17.0,3.0,1.0,1.0,5.0,0.0,0.0,8.0,5.0,49.0,19.0,5.0,0.0,2.0,14.0,0.0,7.0,5.0,0.0,2.0,8.0,1.0,2.0,73.0,1.0,1.0,10.0,0.0,18.0,16.0,4.0,64.0,41.0,1.0,2.0,4.0,193.0,35.0,0.0,1.0,1.0,25.0,33.0,2.0,11.0,0.0,10.0,37.0,51.0,12.0,1.0,13.0,16.0,93.0,4.0,20.0,14.0,23.0,13.0,2.0,2.0,0.0,1.0,6.0,0.0,25.0,2.0,5.0,9.0,11.0,43.0,2.0,2.0,0.0,36.0,1.0,0.0,109.0,20.0,56.0,0.0,1.0,20.0,4.0,9.0,12.0,32.0,0.0,0.0,0.0,2.0,93.0,8.0,8.0,2.0,6.0,0.0,8.0,11.0,46.0,0.0,9.0,61.0,6.0,1.0,3.0,4.0,3.0,26.0,0.0,6.0,23.0,0.0,4.0,0.0,25.0,35.0,0.0,0.0,0.0,1.0,4.0,3.0,0.0,6.0,2.0,0.0
Jacobikirche / Steinstraße,4.0,0.0,1.0,3.0,70.0,18.0,11.0,20.0,5.0,1.0,1.0,2.0,0.0,0.0,0.0,2.0,3.0,25.0,3.0,0.0,1.0,0.0,5.0,0.0,3.0,0.0,6.0,4.0,5.0,3.0,4.0,1.0,0.0,30.0,0.0,1.0,1.0,4.0,5.0,1.0,0.0,8.0,14.0,3.0,7.0,0.0,5.0,12.0,10.0,12.0,3.0,1.0,0.0,0.0,4.0,30.0,4.0,8.0,13.0,0.0,3.0,2.0,1.0,32.0,4.0,0.0,0.0,10.0,0.0,10.0,11.0,0.0,4.0,3.0,0.0,3.0,4.0,1.0,0.0,13.0,1.0,0.0,7.0,5.0,7.0,6.0,7.0,12.0,2.0,0.0,0.0,12.0,6.0,0.0,6.0,0.0,4.0,0.0,7.0,1.0,0.0,0.0,6.0,4.0,5.0,0.0,0.0,12.0,3.0,1.0,0.0,11.0,9.0,15.0,2.0,12.0,1.0,3.0,0.0,2.0,2.0,2.0,0.0,1.0,6.0,11.0,15.0,0.0
Jarrestraße / Rambatzweg,65.0,7.0,16.0,9.0,3.0,8.0,0.0,5.0,1.0,0.0,30.0,18.0,2.0,0.0,63.0,73.0,4.0,17.0,11.0,0.0,0.0,122.0,23.0,1.0,7.0,47.0,0.0,35.0,1.0,14.0,5.0,1.0,25.0,5.0,0.0,0.0,0.0,23.0,83.0,0.0,0.0,1.0,28.0,33.0,15.0,27.0,11.0,81.0,39.0,13.0,35.0,89.0,106.0,6.0,20.0,0.0,143.0,30.0,23.0,41.0,1.0,7.0,13.0,2.0,10.0,0.0,30.0,2.0,38.0,17.0,41.0,41.0,12.0,10.0,16.0,8.0,27.0,0.0,36.0,4.0,5.0,2.0,1.0,26.0,282.0,7.0,10.0,14.0,0.0,0.0,25.0,3.0,7.0,0.0,5.0,40.0,0.0,0.0,22.0,206.0,57.0,2.0,2.0,7.0,5.0,2.0,2.0,13.0,3.0,15.0,17.0,1.0,3.0,5.0,25.0,1.0,11.0,93.0,8.0,14.0,2.0,30.0,35.0,341.0,0.0,109.0,7.0,38.0
Jungfernstieg / Ballindamm,59.0,13.0,29.0,17.0,82.0,25.0,23.0,102.0,9.0,11.0,42.0,28.0,2.0,0.0,18.0,9.0,6.0,13.0,19.0,0.0,0.0,2.0,7.0,22.0,10.0,5.0,53.0,139.0,18.0,0.0,8.0,56.0,26.0,46.0,4.0,2.0,8.0,33.0,25.0,10.0,10.0,52.0,48.0,21.0,12.0,23.0,5.0,27.0,37.0,10.0,73.0,33.0,14.0,4.0,22.0,14.0,38.0,67.0,26.0,5.0,16.0,1.0,14.0,10.0,32.0,2.0,26.0,22.0,8.0,24.0,78.0,18.0,14.0,22.0,22.0,15.0,13.0,5.0,15.0,53.0,6.0,11.0,44.0,15.0,59.0,12.0,33.0,64.0,2.0,0.0,3.0,37.0,9.0,2.0,15.0,2.0,7.0,1.0,26.0,5.0,14.0,1.0,9.0,23.0,28.0,16.0,33.0,16.0,10.0,14.0,3.0,43.0,15.0,8.0,14.0,48.0,42.0,71.0,2.0,11.0,5.0,13.0,7.0,28.0,2.0,33.0,36.0,0.0
Jungfernstieg / Neuer Jungfernstieg,75.0,16.0,7.0,6.0,30.0,15.0,15.0,21.0,9.0,4.0,45.0,22.0,2.0,0.0,17.0,28.0,1.0,8.0,21.0,0.0,3.0,30.0,5.0,6.0,25.0,3.0,10.0,70.0,3.0,4.0,12.0,5.0,47.0,31.0,0.0,0.0,3.0,32.0,69.0,0.0,6.0,10.0,14.0,16.0,8.0,93.0,7.0,31.0,89.0,18.0,39.0,8.0,63.0,11.0,22.0,17.0,34.0,18.0,70.0,11.0,21.0,1.0,8.0,11.0,30.0,1.0,16.0,27.0,6.0,16.0,30.0,80.0,14.0,14.0,12.0,38.0,2.0,0.0,21.0,16.0,14.0,2.0,17.0,21.0,18.0,17.0,31.0,37.0,2.0,0.0,0.0,10.0,15.0,3.0,15.0,2.0,5.0,2.0,20.0,1.0,4.0,0.0,7.0,24.0,16.0,9.0,16.0,11.0,5.0,25.0,0.0,8.0,15.0,12.0,16.0,20.0,47.0,51.0,0.0,8.0,1.0,12.0,28.0,24.0,1.0,12.0,17.0,0.0
Kellinghusenstraße / Loogeplatz,31.0,7.0,0.0,2.0,1.0,0.0,0.0,2.0,0.0,2.0,4.0,4.0,0.0,0.0,1.0,20.0,0.0,4.0,2.0,0.0,0.0,16.0,1.0,2.0,13.0,1.0,0.0,14.0,1.0,13.0,1.0,1.0,20.0,6.0,0.0,0.0,0.0,13.0,103.0,0.0,1.0,1.0,10.0,12.0,0.0,11.0,0.0,5.0,10.0,7.0,11.0,2.0,32.0,5.0,4.0,3.0,34.0,4.0,9.0,42.0,2.0,5.0,1.0,0.0,6.0,0.0,21.0,3.0,0.0,1.0,3.0,23.0,2.0,5.0,0.0,21.0,0.0,0.0,292.0,8.0,6.0,0.0,1.0,4.0,5.0,1.0,1.0,4.0,0.0,0.0,0.0,4.0,5.0,1.0,2.0,6.0,0.0,0.0,1.0,4.0,4.0,0.0,0.0,7.0,3.0,1.0,10.0,1.0,0.0,6.0,3.0,1.0,4.0,2.0,4.0,0.0,2.0,33.0,0.0,0.0,0.0,0.0,3.0,3.0,1.0,2.0,0.0,7.0
Kleine Rosenstraße / Gerhart-Hauptmann-Platz,11.0,3.0,7.0,3.0,18.0,4.0,9.0,18.0,1.0,0.0,6.0,12.0,2.0,0.0,0.0,1.0,2.0,5.0,3.0,0.0,0.0,0.0,0.0,1.0,3.0,17.0,12.0,15.0,2.0,10.0,1.0,1.0,1.0,2.0,1.0,0.0,2.0,1.0,5.0,3.0,2.0,7.0,17.0,1.0,6.0,9.0,0.0,23.0,27.0,1.0,19.0,0.0,7.0,0.0,5.0,4.0,6.0,9.0,19.0,10.0,24.0,0.0,4.0,26.0,3.0,0.0,3.0,0.0,0.0,18.0,34.0,5.0,2.0,11.0,0.0,0.0,2.0,0.0,1.0,4.0,3.0,2.0,37.0,1.0,7.0,5.0,7.0,10.0,0.0,0.0,1.0,10.0,4.0,0.0,0.0,0.0,0.0,0.0,7.0,0.0,2.0,1.0,3.0,3.0,9.0,2.0,9.0,8.0,3.0,3.0,0.0,3.0,2.0,8.0,19.0,6.0,3.0,11.0,0.0,0.0,1.0,2.0,1.0,1.0,0.0,6.0,4.0,0.0
Koppelstraße/Lokstedter Grenzstraße,11.0,5.0,0.0,0.0,0.0,0.0,0.0,1.0,6.0,2.0,3.0,1.0,4.0,0.0,0.0,23.0,0.0,0.0,0.0,0.0,3.0,10.0,0.0,2.0,6.0,1.0,0.0,1.0,1.0,2.0,1.0,1.0,2.0,6.0,1.0,0.0,0.0,5.0,5.0,0.0,0.0,0.0,0.0,3.0,0.0,0.0,0.0,1.0,7.0,16.0,0.0,2.0,11.0,0.0,3.0,3.0,9.0,0.0,2.0,2.0,0.0,51.0,0.0,0.0,0.0,1.0,1.0,0.0,0.0,0.0,1.0,3.0,0.0,1.0,0.0,3.0,1.0,0.0,7.0,2.0,29.0,1.0,0.0,7.0,4.0,0.0,0.0,4.0,0.0,0.0,0.0,1.0,13.0,1.0,0.0,0.0,2.0,0.0,0.0,0.0,1.0,0.0,0.0,8.0,1.0,0.0,0.0,0.0,0.0,2.0,2.0,0.0,8.0,1.0,0.0,2.0,1.0,4.0,0.0,0.0,0.0,0.0,0.0,6.0,0.0,1.0,0.0,1.0
Krausestraße/Eilbektal,4.0,1.0,10.0,1.0,0.0,18.0,0.0,1.0,0.0,0.0,22.0,15.0,0.0,2.0,20.0,0.0,20.0,11.0,1.0,0.0,1.0,3.0,10.0,0.0,2.0,32.0,2.0,31.0,1.0,0.0,1.0,0.0,2.0,2.0,0.0,0.0,0.0,1.0,31.0,0.0,0.0,2.0,19.0,3.0,2.0,4.0,16.0,12.0,21.0,1.0,2.0,63.0,1.0,1.0,1.0,1.0,22.0,20.0,10.0,0.0,5.0,0.0,60.0,7.0,2.0,0.0,1.0,1.0,14.0,9.0,17.0,3.0,47.0,4.0,283.0,1.0,12.0,0.0,2.0,16.0,1.0,2.0,1.0,1.0,52.0,0.0,13.0,1.0,0.0,1.0,5.0,0.0,0.0,0.0,0.0,2.0,0.0,0.0,2.0,6.0,1.0,19.0,0.0,0.0,2.0,1.0,1.0,3.0,10.0,6.0,6.0,1.0,1.0,65.0,20.0,0.0,12.0,16.0,49.0,17.0,27.0,16.0,25.0,30.0,0.0,11.0,7.0,0.0
Kurt-Schumacher-Allee / Nagelsweg,11.0,0.0,29.0,11.0,51.0,50.0,6.0,6.0,2.0,0.0,10.0,0.0,0.0,0.0,6.0,0.0,3.0,27.0,5.0,0.0,3.0,0.0,29.0,1.0,4.0,2.0,26.0,8.0,7.0,1.0,0.0,3.0,1.0,3.0,0.0,1.0,6.0,0.0,2.0,2.0,0.0,16.0,10.0,2.0,27.0,20.0,0.0,23.0,18.0,0.0,9.0,4.0,0.0,0.0,2.0,23.0,0.0,8.0,1.0,0.0,7.0,0.0,1.0,55.0,18.0,0.0,0.0,1.0,2.0,6.0,40.0,0.0,3.0,13.0,3.0,2.0,2.0,1.0,1.0,1.0,0.0,23.0,8.0,10.0,40.0,24.0,93.0,1.0,0.0,1.0,2.0,27.0,0.0,4.0,1.0,0.0,2.0,3.0,3.0,0.0,0.0,0.0,18.0,1.0,3.0,0.0,1.0,29.0,18.0,1.0,0.0,1.0,3.0,1.0,1.0,4.0,9.0,7.0,1.0,15.0,11.0,1.0,2.0,0.0,3.0,17.0,29.0,1.0
Kurze Mühren/Spitalerstraße,15.0,0.0,8.0,10.0,28.0,22.0,8.0,13.0,4.0,20.0,12.0,4.0,1.0,0.0,2.0,37.0,1.0,16.0,4.0,0.0,1.0,0.0,8.0,4.0,1.0,1.0,26.0,8.0,3.0,0.0,2.0,7.0,8.0,0.0,0.0,0.0,2.0,5.0,5.0,0.0,7.0,8.0,27.0,9.0,7.0,36.0,2.0,7.0,5.0,4.0,17.0,0.0,1.0,1.0,3.0,9.0,8.0,35.0,22.0,2.0,4.0,0.0,1.0,22.0,44.0,0.0,6.0,5.0,5.0,5.0,28.0,0.0,2.0,3.0,5.0,0.0,4.0,5.0,3.0,6.0,2.0,2.0,11.0,4.0,10.0,13.0,7.0,5.0,0.0,0.0,0.0,13.0,2.0,1.0,2.0,0.0,0.0,0.0,16.0,0.0,6.0,0.0,11.0,1.0,10.0,6.0,7.0,10.0,18.0,3.0,0.0,6.0,2.0,0.0,3.0,4.0,13.0,45.0,0.0,1.0,0.0,2.0,5.0,3.0,0.0,7.0,10.0,1.0
Königstraße / Struenseestraße,18.0,14.0,0.0,1.0,0.0,0.0,0.0,0.0,83.0,37.0,0.0,0.0,24.0,0.0,0.0,0.0,0.0,0.0,35.0,0.0,0.0,0.0,1.0,22.0,4.0,0.0,3.0,0.0,1.0,6.0,11.0,16.0,0.0,0.0,11.0,2.0,8.0,0.0,0.0,0.0,67.0,2.0,0.0,0.0,1.0,0.0,2.0,1.0,5.0,12.0,3.0,0.0,0.0,0.0,2.0,2.0,0.0,2.0,0.0,0.0,1.0,1.0,0.0,0.0,2.0,83.0,0.0,6.0,0.0,1.0,6.0,0.0,0.0,0.0,0.0,0.0,0.0,3.0,0.0,5.0,2.0,1.0,3.0,10.0,1.0,0.0,0.0,18.0,1.0,0.0,0.0,2.0,3.0,8.0,22.0,0.0,40.0,0.0,3.0,0.0,0.0,0.0,0.0,13.0,1.0,0.0,2.0,1.0,0.0,5.0,0.0,6.0,3.0,3.0,0.0,0.0,1.0,14.0,0.0,1.0,0.0,0.0,7.0,0.0,0.0,1.0,1.0,0.0
Kümmellstraße / Robert-Koch-Straße,66.0,22.0,2.0,0.0,0.0,1.0,0.0,2.0,2.0,5.0,18.0,7.0,1.0,0.0,5.0,40.0,2.0,5.0,0.0,0.0,0.0,10.0,0.0,1.0,20.0,2.0,5.0,23.0,0.0,8.0,5.0,6.0,39.0,30.0,0.0,0.0,1.0,37.0,77.0,0.0,0.0,0.0,17.0,24.0,1.0,9.0,0.0,7.0,16.0,24.0,9.0,2.0,46.0,15.0,32.0,1.0,44.0,20.0,23.0,32.0,6.0,3.0,1.0,0.0,7.0,0.0,93.0,1.0,0.0,2.0,12.0,28.0,1.0,13.0,3.0,94.0,3.0,0.0,99.0,17.0,48.0,0.0,1.0,13.0,2.0,3.0,3.0,10.0,0.0,0.0,0.0,0.0,29.0,0.0,1.0,4.0,8.0,0.0,2.0,8.0,5.0,0.0,1.0,13.0,3.0,2.0,3.0,2.0,1.0,30.0,4.0,10.0,3.0,0.0,4.0,1.0,6.0,31.0,1.0,0.0,0.0,1.0,2.0,25.0,0.0,24.0,1.0,4.0
Landungsbrücke/Hafentor,35.0,14.0,11.0,23.0,216.0,15.0,42.0,28.0,20.0,15.0,7.0,7.0,11.0,3.0,10.0,1.0,0.0,6.0,80.0,4.0,0.0,0.0,5.0,6.0,9.0,2.0,11.0,4.0,1.0,10.0,4.0,14.0,2.0,6.0,6.0,2.0,77.0,11.0,14.0,5.0,25.0,15.0,19.0,3.0,7.0,6.0,0.0,16.0,23.0,6.0,1.0,0.0,3.0,11.0,3.0,18.0,1.0,25.0,21.0,4.0,3.0,0.0,3.0,6.0,10.0,10.0,2.0,97.0,1.0,6.0,7.0,0.0,3.0,8.0,1.0,3.0,3.0,83.0,0.0,29.0,6.0,10.0,18.0,27.0,0.0,28.0,24.0,65.0,45.0,7.0,0.0,49.0,12.0,14.0,76.0,0.0,28.0,2.0,17.0,1.0,3.0,0.0,16.0,44.0,18.0,10.0,5.0,6.0,19.0,25.0,0.0,99.0,13.0,2.0,1.0,201.0,15.0,17.0,0.0,1.0,0.0,1.0,0.0,2.0,22.0,2.0,9.0,4.0
Landwehr / Ramazan-Avci-Platz,5.0,3.0,32.0,0.0,7.0,30.0,0.0,1.0,2.0,1.0,15.0,14.0,1.0,2.0,11.0,0.0,12.0,57.0,1.0,0.0,2.0,3.0,123.0,3.0,1.0,8.0,2.0,23.0,5.0,2.0,1.0,2.0,1.0,1.0,0.0,0.0,0.0,2.0,39.0,0.0,0.0,1.0,23.0,2.0,6.0,2.0,17.0,9.0,7.0,0.0,17.0,18.0,0.0,0.0,3.0,0.0,40.0,14.0,3.0,0.0,1.0,0.0,12.0,2.0,6.0,1.0,6.0,2.0,77.0,2.0,28.0,6.0,29.0,25.0,11.0,1.0,18.0,2.0,30.0,2.0,0.0,1.0,0.0,0.0,125.0,4.0,17.0,3.0,1.0,0.0,0.0,2.0,0.0,0.0,12.0,1.0,0.0,1.0,2.0,0.0,11.0,5.0,2.0,2.0,3.0,0.0,0.0,17.0,2.0,6.0,0.0,8.0,0.0,10.0,13.0,6.0,4.0,7.0,7.0,21.0,3.0,16.0,11.0,5.0,1.0,61.0,4.0,0.0
Lange Reihe / Kirchenallee,31.0,11.0,15.0,9.0,17.0,25.0,10.0,15.0,3.0,2.0,19.0,18.0,3.0,1.0,8.0,1.0,0.0,21.0,15.0,0.0,1.0,0.0,5.0,10.0,7.0,1.0,5.0,38.0,14.0,3.0,2.0,1.0,5.0,3.0,0.0,0.0,12.0,5.0,19.0,2.0,1.0,7.0,33.0,35.0,9.0,30.0,7.0,20.0,7.0,2.0,59.0,32.0,27.0,0.0,7.0,11.0,18.0,47.0,26.0,3.0,35.0,0.0,10.0,10.0,10.0,1.0,1.0,4.0,3.0,41.0,52.0,21.0,9.0,23.0,7.0,17.0,1.0,0.0,9.0,29.0,2.0,5.0,14.0,12.0,22.0,25.0,21.0,15.0,0.0,1.0,0.0,9.0,5.0,0.0,7.0,1.0,3.0,1.0,29.0,0.0,11.0,22.0,10.0,6.0,7.0,5.0,12.0,27.0,15.0,27.0,0.0,19.0,5.0,4.0,9.0,4.0,27.0,35.0,1.0,2.0,2.0,6.0,6.0,4.0,1.0,23.0,23.0,1.0
Lange Reihe / Lohmühlenpark,45.0,2.0,67.0,7.0,7.0,37.0,13.0,22.0,5.0,1.0,52.0,25.0,4.0,0.0,20.0,2.0,7.0,95.0,22.0,0.0,1.0,7.0,43.0,1.0,9.0,5.0,4.0,36.0,20.0,8.0,20.0,16.0,27.0,16.0,7.0,2.0,0.0,24.0,43.0,0.0,5.0,16.0,18.0,7.0,31.0,65.0,4.0,247.0,71.0,3.0,50.0,31.0,21.0,7.0,5.0,9.0,39.0,93.0,21.0,3.0,17.0,2.0,19.0,19.0,11.0,0.0,4.0,6.0,20.0,92.0,110.0,21.0,56.0,29.0,43.0,9.0,24.0,0.0,8.0,22.0,18.0,17.0,6.0,9.0,128.0,39.0,48.0,20.0,0.0,0.0,1.0,6.0,5.0,3.0,9.0,7.0,0.0,1.0,8.0,6.0,40.0,14.0,7.0,5.0,38.0,2.0,25.0,40.0,30.0,14.0,0.0,7.0,5.0,20.0,41.0,3.0,41.0,22.0,3.0,14.0,25.0,40.0,35.0,14.0,4.0,38.0,23.0,0.0
Leinpfad/Fernsicht,33.0,0.0,2.0,1.0,0.0,0.0,0.0,15.0,2.0,0.0,24.0,22.0,1.0,0.0,14.0,30.0,0.0,29.0,7.0,0.0,0.0,38.0,5.0,2.0,17.0,9.0,1.0,73.0,4.0,6.0,9.0,10.0,39.0,52.0,0.0,0.0,0.0,32.0,88.0,0.0,1.0,21.0,29.0,64.0,0.0,58.0,3.0,15.0,25.0,19.0,41.0,4.0,65.0,18.0,35.0,2.0,43.0,29.0,50.0,33.0,2.0,3.0,2.0,2.0,2.0,0.0,28.0,0.0,11.0,8.0,17.0,56.0,25.0,7.0,2.0,27.0,4.0,0.0,13.0,8.0,24.0,0.0,3.0,1.0,14.0,1.0,21.0,25.0,0.0,0.0,0.0,3.0,15.0,2.0,2.0,5.0,1.0,0.0,2.0,3.0,10.0,0.0,0.0,5.0,4.0,2.0,4.0,0.0,0.0,12.0,12.0,1.0,6.0,31.0,14.0,1.0,6.0,9.0,4.0,6.0,1.0,6.0,37.0,10.0,0.0,23.0,1.0,3.0
Lerchenfeld / Uferstraße,9.0,1.0,5.0,1.0,1.0,12.0,1.0,1.0,0.0,0.0,4.0,1.0,0.0,0.0,7.0,0.0,2.0,11.0,11.0,0.0,2.0,1.0,41.0,1.0,6.0,7.0,0.0,12.0,2.0,0.0,0.0,0.0,3.0,2.0,0.0,0.0,0.0,1.0,4.0,0.0,20.0,1.0,10.0,10.0,8.0,0.0,9.0,20.0,20.0,0.0,0.0,5.0,7.0,2.0,0.0,0.0,8.0,6.0,12.0,0.0,4.0,0.0,24.0,2.0,4.0,0.0,0.0,6.0,49.0,6.0,82.0,22.0,40.0,13.0,29.0,1.0,4.0,0.0,1.0,0.0,0.0,1.0,0.0,3.0,12.0,2.0,8.0,6.0,0.0,0.0,0.0,1.0,5.0,1.0,0.0,1.0,0.0,3.0,0.0,4.0,4.0,6.0,1.0,4.0,0.0,1.0,0.0,11.0,0.0,1.0,1.0,1.0,0.0,27.0,16.0,0.0,8.0,9.0,3.0,2.0,15.0,18.0,7.0,39.0,3.0,9.0,1.0,0.0
Lohmühlenstraße / Steindamm,9.0,0.0,55.0,7.0,8.0,15.0,0.0,5.0,3.0,2.0,11.0,5.0,0.0,0.0,3.0,7.0,38.0,78.0,2.0,0.0,12.0,10.0,25.0,0.0,3.0,2.0,1.0,25.0,36.0,1.0,3.0,0.0,2.0,28.0,0.0,0.0,1.0,0.0,35.0,0.0,2.0,1.0,34.0,8.0,36.0,10.0,16.0,51.0,21.0,2.0,36.0,1.0,6.0,0.0,3.0,12.0,9.0,24.0,6.0,3.0,6.0,2.0,2.0,13.0,4.0,0.0,8.0,1.0,11.0,32.0,50.0,2.0,10.0,85.0,8.0,2.0,9.0,1.0,3.0,5.0,2.0,2.0,7.0,0.0,34.0,11.0,38.0,1.0,0.0,0.0,0.0,5.0,4.0,0.0,2.0,1.0,0.0,5.0,2.0,0.0,2.0,4.0,3.0,5.0,4.0,1.0,1.0,30.0,1.0,1.0,0.0,0.0,3.0,4.0,31.0,0.0,6.0,10.0,9.0,43.0,3.0,29.0,13.0,4.0,6.0,19.0,6.0,1.0
Lortzingstraße/Friedrichsberger Straße,7.0,0.0,11.0,0.0,0.0,6.0,1.0,1.0,0.0,1.0,5.0,1.0,0.0,0.0,18.0,1.0,12.0,4.0,3.0,0.0,7.0,5.0,1.0,0.0,0.0,13.0,0.0,30.0,0.0,1.0,0.0,4.0,1.0,0.0,0.0,0.0,0.0,1.0,10.0,0.0,0.0,0.0,17.0,4.0,1.0,7.0,39.0,12.0,11.0,0.0,12.0,111.0,2.0,0.0,0.0,0.0,18.0,15.0,4.0,2.0,2.0,0.0,305.0,0.0,5.0,0.0,3.0,1.0,8.0,6.0,36.0,5.0,42.0,9.0,71.0,4.0,5.0,0.0,2.0,3.0,0.0,3.0,2.0,4.0,30.0,1.0,3.0,0.0,0.0,0.0,0.0,2.0,0.0,0.0,0.0,0.0,1.0,0.0,0.0,7.0,25.0,9.0,3.0,0.0,2.0,2.0,1.0,2.0,0.0,5.0,0.0,0.0,0.0,19.0,10.0,0.0,5.0,0.0,97.0,19.0,46.0,9.0,10.0,56.0,0.0,11.0,0.0,2.0
Löwenstraße/Eppendorfer Weg,28.0,3.0,6.0,0.0,0.0,0.0,2.0,2.0,13.0,8.0,20.0,4.0,9.0,0.0,1.0,35.0,0.0,2.0,5.0,0.0,0.0,1.0,0.0,11.0,38.0,0.0,1.0,8.0,0.0,10.0,8.0,1.0,96.0,36.0,0.0,1.0,18.0,66.0,43.0,0.0,9.0,1.0,24.0,15.0,1.0,6.0,0.0,16.0,4.0,26.0,3.0,0.0,14.0,11.0,38.0,0.0,3.0,4.0,28.0,20.0,0.0,2.0,0.0,0.0,2.0,0.0,86.0,3.0,2.0,3.0,1.0,41.0,0.0,3.0,0.0,87.0,0.0,0.0,85.0,14.0,29.0,0.0,3.0,4.0,1.0,2.0,7.0,20.0,0.0,0.0,0.0,1.0,91.0,3.0,10.0,2.0,5.0,0.0,18.0,0.0,0.0,0.0,2.0,20.0,1.0,0.0,2.0,26.0,2.0,13.0,3.0,1.0,13.0,0.0,0.0,0.0,4.0,27.0,0.0,0.0,0.0,0.0,0.0,2.0,0.0,5.0,0.0,5.0
Lübecker Straße / Marienkrankenhaus,5.0,4.0,70.0,0.0,3.0,3.0,3.0,1.0,0.0,1.0,3.0,6.0,0.0,0.0,3.0,0.0,0.0,37.0,3.0,0.0,1.0,0.0,4.0,0.0,0.0,1.0,0.0,21.0,27.0,0.0,0.0,0.0,0.0,0.0,0.0,0.0,0.0,0.0,5.0,0.0,0.0,0.0,3.0,5.0,32.0,4.0,4.0,19.0,12.0,0.0,21.0,1.0,7.0,0.0,2.0,1.0,14.0,11.0,1.0,0.0,2.0,0.0,4.0,8.0,2.0,0.0,5.0,0.0,14.0,7.0,25.0,3.0,5.0,13.0,1.0,0.0,16.0,1.0,0.0,3.0,0.0,2.0,0.0,5.0,10.0,3.0,23.0,0.0,0.0,0.0,0.0,3.0,0.0,24.0,1.0,0.0,0.0,5.0,1.0,0.0,1.0,1.0,0.0,1.0,0.0,1.0,0.0,19.0,0.0,2.0,0.0,1.0,2.0,3.0,5.0,0.0,5.0,2.0,5.0,5.0,4.0,7.0,2.0,3.0,4.0,2.0,6.0,0.0
Mannesallee/Veringstraße,11.0,4.0,1.0,1.0,2.0,4.0,0.0,3.0,4.0,0.0,1.0,0.0,6.0,27.0,0.0,0.0,0.0,12.0,31.0,54.0,1.0,0.0,2.0,12.0,1.0,0.0,0.0,0.0,1.0,2.0,0.0,2.0,0.0,0.0,0.0,0.0,22.0,2.0,0.0,1.0,13.0,5.0,1.0,0.0,9.0,0.0,0.0,1.0,5.0,1.0,0.0,0.0,0.0,0.0,0.0,1.0,3.0,2.0,0.0,0.0,1.0,0.0,0.0,2.0,0.0,3.0,0.0,88.0,2.0,1.0,0.0,0.0,0.0,1.0,0.0,0.0,1.0,65.0,1.0,13.0,0.0,7.0,2.0,44.0,2.0,5.0,3.0,11.0,2.0,97.0,0.0,12.0,0.0,3.0,22.0,0.0,10.0,2.0,0.0,0.0,0.0,0.0,4.0,2.0,3.0,0.0,5.0,2.0,2.0,8.0,0.0,6.0,8.0,0.0,0.0,0.0,2.0,14.0,0.0,2.0,0.0,0.0,1.0,0.0,163.0,5.0,1.0,0.0
Martinistraße / Haupteingang Klinikum,55.0,39.0,3.0,1.0,1.0,1.0,0.0,2.0,15.0,22.0,47.0,9.0,12.0,0.0,14.0,54.0,0.0,1.0,12.0,0.0,0.0,10.0,2.0,6.0,63.0,1.0,2.0,8.0,0.0,26.0,100.0,0.0,358.0,58.0,11.0,0.0,10.0,106.0,101.0,0.0,1.0,1.0,8.0,42.0,1.0,5.0,0.0,6.0,24.0,102.0,25.0,0.0,70.0,22.0,71.0,1.0,60.0,10.0,4.0,303.0,2.0,15.0,0.0,7.0,1.0,3.0,82.0,1.0,38.0,27.0,5.0,6.0,0.0,1.0,0.0,63.0,0.0,1.0,70.0,5.0,174.0,0.0,1.0,10.0,13.0,1.0,7.0,36.0,0.0,0.0,0.0,0.0,98.0,0.0,21.0,2.0,17.0,0.0,0.0,3.0,23.0,0.0,0.0,46.0,5.0,0.0,0.0,4.0,0.0,8.0,2.0,0.0,11.0,0.0,3.0,0.0,20.0,48.0,0.0,1.0,1.0,8.0,4.0,18.0,1.0,11.0,4.0,3.0
Messehallen / Marktstraße,254.0,29.0,11.0,11.0,2.0,9.0,2.0,22.0,46.0,40.0,42.0,64.0,26.0,0.0,6.0,3.0,0.0,13.0,58.0,0.0,1.0,0.0,5.0,60.0,51.0,1.0,5.0,11.0,0.0,15.0,14.0,21.0,10.0,13.0,9.0,1.0,40.0,35.0,8.0,0.0,26.0,60.0,22.0,31.0,2.0,9.0,1.0,25.0,21.0,19.0,8.0,1.0,5.0,14.0,23.0,10.0,5.0,48.0,17.0,4.0,12.0,2.0,4.0,12.0,14.0,2.0,12.0,15.0,0.0,22.0,23.0,9.0,5.0,6.0,0.0,19.0,1.0,4.0,12.0,124.0,14.0,7.0,54.0,73.0,2.0,22.0,8.0,65.0,3.0,0.0,0.0,5.0,22.0,11.0,65.0,2.0,30.0,0.0,38.0,0.0,2.0,1.0,5.0,66.0,20.0,16.0,15.0,6.0,6.0,45.0,2.0,18.0,43.0,1.0,4.0,0.0,24.0,142.0,0.0,0.0,0.0,4.0,3.0,1.0,2.0,3.0,12.0,0.0
Methfesselstraße/Luruper Weg,111.0,75.0,1.0,2.0,0.0,21.0,0.0,3.0,58.0,41.0,20.0,13.0,102.0,0.0,1.0,11.0,0.0,3.0,11.0,0.0,0.0,15.0,2.0,21.0,125.0,1.0,3.0,7.0,1.0,44.0,52.0,3.0,13.0,70.0,20.0,8.0,8.0,125.0,28.0,0.0,23.0,43.0,9.0,26.0,1.0,4.0,0.0,8.0,15.0,46.0,4.0,0.0,11.0,16.0,45.0,0.0,7.0,14.0,18.0,7.0,1.0,40.0,0.0,0.0,1.0,3.0,33.0,5.0,0.0,6.0,13.0,7.0,1.0,7.0,0.0,14.0,0.0,1.0,117.0,17.0,142.0,6.0,3.0,30.0,4.0,4.0,7.0,64.0,5.0,0.0,0.0,6.0,113.0,18.0,42.0,1.0,34.0,0.0,14.0,0.0,0.0,0.0,3.0,151.0,12.0,8.0,3.0,3.0,16.0,36.0,1.0,7.0,71.0,0.0,1.0,0.0,14.0,46.0,0.0,0.0,0.0,2.0,0.0,1.0,3.0,1.0,3.0,4.0
Meßberg / Willy-Brandt-Straße,2.0,17.0,8.0,4.0,255.0,37.0,23.0,13.0,1.0,7.0,1.0,5.0,2.0,0.0,2.0,0.0,0.0,1.0,9.0,0.0,1.0,0.0,0.0,0.0,1.0,0.0,6.0,8.0,2.0,3.0,3.0,10.0,0.0,0.0,0.0,1.0,2.0,1.0,0.0,7.0,20.0,19.0,3.0,1.0,4.0,3.0,0.0,5.0,9.0,4.0,5.0,0.0,0.0,0.0,0.0,1.0,2.0,1.0,3.0,1.0,1.0,0.0,2.0,19.0,0.0,9.0,0.0,3.0,2.0,6.0,2.0,0.0,2.0,6.0,0.0,0.0,0.0,2.0,0.0,6.0,6.0,18.0,19.0,10.0,0.0,3.0,79.0,6.0,0.0,0.0,1.0,42.0,3.0,2.0,25.0,1.0,3.0,2.0,35.0,0.0,0.0,0.0,1.0,2.0,1.0,0.0,4.0,3.0,5.0,1.0,0.0,32.0,1.0,14.0,1.0,109.0,3.0,0.0,6.0,4.0,0.0,1.0,0.0,1.0,0.0,0.0,4.0,0.0
Michaeliskirche / Krayenkamp,35.0,15.0,0.0,20.0,9.0,5.0,5.0,11.0,13.0,9.0,1.0,16.0,11.0,0.0,0.0,0.0,0.0,1.0,54.0,0.0,0.0,1.0,5.0,8.0,15.0,0.0,6.0,0.0,3.0,11.0,10.0,7.0,0.0,4.0,0.0,1.0,29.0,44.0,9.0,1.0,11.0,14.0,11.0,4.0,1.0,2.0,0.0,17.0,9.0,14.0,1.0,0.0,0.0,0.0,1.0,26.0,0.0,11.0,6.0,0.0,12.0,0.0,0.0,7.0,14.0,6.0,4.0,21.0,0.0,7.0,3.0,1.0,0.0,4.0,0.0,1.0,0.0,0.0,2.0,39.0,2.0,10.0,39.0,35.0,5.0,24.0,22.0,44.0,1.0,0.0,0.0,15.0,39.0,7.0,34.0,0.0,7.0,0.0,7.0,0.0,0.0,0.0,4.0,38.0,16.0,13.0,1.0,6.0,2.0,19.0,0.0,2.0,19.0,1.0,0.0,8.0,6.0,11.0,0.0,4.0,0.0,0.0,0.0,0.0,0.0,2.0,2.0,0.0
Millerntorplatz/St.Pauli,175.0,21.0,2.0,40.0,12.0,28.0,13.0,29.0,26.0,18.0,21.0,38.0,11.0,2.0,5.0,0.0,2.0,13.0,33.0,0.0,4.0,0.0,5.0,22.0,11.0,13.0,19.0,18.0,4.0,13.0,27.0,19.0,5.0,6.0,5.0,2.0,29.0,8.0,8.0,0.0,35.0,55.0,43.0,11.0,6.0,13.0,2.0,21.0,22.0,20.0,11.0,2.0,0.0,1.0,10.0,11.0,33.0,17.0,30.0,2.0,5.0,4.0,1.0,4.0,6.0,9.0,23.0,24.0,5.0,16.0,19.0,8.0,1.0,3.0,2.0,4.0,6.0,28.0,7.0,76.0,20.0,19.0,30.0,53.0,9.0,31.0,28.0,75.0,2.0,1.0,0.0,7.0,16.0,8.0,30.0,0.0,38.0,0.0,23.0,1.0,3.0,0.0,2.0,80.0,48.0,26.0,7.0,11.0,6.0,18.0,0.0,9.0,14.0,3.0,5.0,1.0,12.0,48.0,0.0,3.0,0.0,2.0,4.0,3.0,4.0,5.0,2.0,0.0
Mundsburg / Schürbeker Straße,31.0,7.0,49.0,6.0,5.0,8.0,2.0,13.0,0.0,0.0,16.0,16.0,3.0,0.0,224.0,21.0,10.0,31.0,1.0,0.0,4.0,12.0,57.0,2.0,3.0,28.0,3.0,39.0,17.0,3.0,5.0,1.0,10.0,4.0,0.0,1.0,1.0,3.0,39.0,0.0,2.0,10.0,10.0,7.0,34.0,18.0,21.0,61.0,46.0,4.0,52.0,33.0,15.0,2.0,7.0,4.0,265.0,42.0,12.0,5.0,9.0,3.0,48.0,13.0,11.0,1.0,4.0,1.0,130.0,26.0,148.0,25.0,15.0,28.0,33.0,2.0,12.0,0.0,4.0,8.0,1.0,2.0,1.0,14.0,72.0,10.0,29.0,1.0,0.0,0.0,7.0,3.0,2.0,1.0,4.0,5.0,10.0,1.0,27.0,17.0,41.0,1.0,3.0,1.0,25.0,2.0,5.0,32.0,10.0,2.0,4.0,1.0,4.0,51.0,49.0,3.0,18.0,17.0,10.0,22.0,19.0,90.0,31.0,30.0,4.0,352.0,16.0,5.0
Mönckebergstraße / Rosenstraße,34.0,12.0,6.0,15.0,99.0,31.0,29.0,56.0,5.0,6.0,10.0,23.0,4.0,0.0,3.0,0.0,7.0,9.0,19.0,0.0,0.0,0.0,30.0,4.0,3.0,2.0,23.0,7.0,5.0,25.0,1.0,9.0,1.0,5.0,1.0,3.0,7.0,8.0,3.0,5.0,4.0,50.0,23.0,5.0,15.0,7.0,7.0,23.0,23.0,2.0,4.0,0.0,4.0,0.0,8.0,6.0,1.0,14.0,9.0,0.0,7.0,0.0,0.0,34.0,11.0,1.0,3.0,32.0,2.0,18.0,39.0,4.0,0.0,25.0,5.0,1.0,2.0,3.0,2.0,13.0,2.0,3.0,41.0,33.0,6.0,45.0,23.0,33.0,1.0,0.0,0.0,46.0,2.0,21.0,14.0,0.0,15.0,3.0,36.0,1.0,0.0,1.0,4.0,12.0,8.0,6.0,19.0,20.0,14.0,14.0,0.0,27.0,9.0,0.0,3.0,55.0,15.0,22.0,1.0,3.0,2.0,1.0,2.0,0.0,0.0,6.0,21.0,0.0
Mönckebergstraße / Steintorwall,32.0,6.0,22.0,33.0,285.0,71.0,41.0,76.0,7.0,7.0,17.0,9.0,1.0,0.0,3.0,0.0,14.0,56.0,27.0,0.0,13.0,1.0,36.0,1.0,4.0,2.0,195.0,12.0,23.0,1.0,4.0,8.0,3.0,7.0,5.0,4.0,4.0,1.0,17.0,26.0,5.0,19.0,23.0,6.0,57.0,10.0,8.0,32.0,6.0,4.0,7.0,2.0,2.0,0.0,8.0,1.0,5.0,29.0,25.0,0.0,10.0,0.0,5.0,111.0,7.0,13.0,4.0,12.0,9.0,22.0,23.0,0.0,1.0,34.0,1.0,5.0,18.0,3.0,4.0,18.0,5.0,34.0,34.0,22.0,26.0,49.0,56.0,10.0,0.0,2.0,3.0,138.0,1.0,6.0,4.0,0.0,7.0,5.0,43.0,2.0,3.0,4.0,76.0,5.0,41.0,0.0,19.0,29.0,15.0,5.0,0.0,53.0,5.0,1.0,10.0,278.0,19.0,22.0,3.0,17.0,3.0,8.0,2.0,4.0,10.0,7.0,26.0,0.0
Neuer Pferdemarkt / Beim Grünen Jäger,245.0,80.0,1.0,20.0,5.0,13.0,28.0,28.0,78.0,89.0,18.0,25.0,67.0,0.0,0.0,0.0,1.0,6.0,96.0,0.0,0.0,0.0,2.0,113.0,93.0,2.0,10.0,8.0,0.0,97.0,105.0,20.0,14.0,31.0,22.0,15.0,71.0,84.0,5.0,0.0,73.0,75.0,42.0,26.0,1.0,8.0,1.0,19.0,36.0,67.0,9.0,0.0,4.0,1.0,32.0,7.0,14.0,66.0,22.0,1.0,17.0,5.0,0.0,6.0,6.0,14.0,7.0,49.0,1.0,7.0,13.0,15.0,3.0,4.0,2.0,29.0,0.0,14.0,41.0,82.0,54.0,9.0,48.0,69.0,5.0,22.0,14.0,180.0,7.0,0.0,0.0,13.0,120.0,40.0,84.0,0.0,100.0,1.0,28.0,1.0,0.0,0.0,4.0,65.0,59.0,25.0,19.0,9.0,9.0,102.0,1.0,29.0,54.0,0.0,3.0,5.0,44.0,57.0,0.0,1.0,1.0,1.0,2.0,0.0,5.0,3.0,3.0,0.0
Neumühlen/Övelgönne,3.0,7.0,0.0,2.0,1.0,0.0,1.0,0.0,59.0,44.0,0.0,0.0,18.0,0.0,0.0,0.0,0.0,0.0,12.0,0.0,0.0,0.0,0.0,6.0,9.0,13.0,0.0,2.0,0.0,3.0,7.0,0.0,0.0,1.0,6.0,13.0,30.0,3.0,1.0,2.0,13.0,2.0,1.0,1.0,0.0,0.0,0.0,1.0,0.0,6.0,0.0,1.0,3.0,2.0,5.0,0.0,0.0,1.0,0.0,0.0,1.0,0.0,0.0,1.0,0.0,10.0,0.0,22.0,0.0,0.0,0.0,0.0,0.0,0.0,0.0,0.0,0.0,2.0,0.0,2.0,3.0,0.0,5.0,4.0,0.0,2.0,3.0,9.0,13.0,0.0,0.0,0.0,7.0,38.0,19.0,0.0,11.0,0.0,0.0,2.0,0.0,0.0,0.0,15.0,0.0,0.0,0.0,1.0,0.0,3.0,0.0,3.0,3.0,0.0,0.0,0.0,3.0,4.0,0.0,0.0,0.0,0.0,0.0,2.0,0.0,0.0,0.0,0.0
Neunenfelder Straße/ Kurt-Emmerich-Platz,3.0,0.0,0.0,0.0,0.0,0.0,0.0,0.0,0.0,0.0,0.0,0.0,0.0,6.0,0.0,0.0,0.0,0.0,5.0,3.0,0.0,0.0,0.0,0.0,0.0,0.0,0.0,0.0,0.0,0.0,0.0,0.0,0.0,0.0,0.0,0.0,0.0,0.0,0.0,0.0,0.0,0.0,0.0,0.0,0.0,0.0,0.0,0.0,0.0,0.0,1.0,0.0,0.0,0.0,0.0,0.0,0.0,0.0,0.0,0.0,0.0,0.0,7.0,0.0,0.0,1.0,0.0,6.0,0.0,0.0,1.0,0.0,0.0,0.0,0.0,0.0,0.0,86.0,0.0,0.0,2.0,1.0,0.0,1.0,1.0,0.0,0.0,0.0,0.0,44.0,0.0,29.0,0.0,0.0,0.0,0.0,0.0,0.0,0.0,0.0,0.0,0.0,0.0,1.0,0.0,0.0,0.0,0.0,0.0,0.0,0.0,0.0,0.0,0.0,0.0,0.0,0.0,0.0,0.0,2.0,0.0,0.0,0.0,1.0,7.0,0.0,0.0,0.0
OTTO Group / Wandsbeker Straße,4.0,0.0,0.0,0.0,0.0,0.0,0.0,1.0,0.0,0.0,0.0,0.0,0.0,0.0,2.0,4.0,0.0,0.0,0.0,0.0,0.0,5.0,0.0,0.0,0.0,6.0,0.0,1.0,0.0,0.0,0.0,0.0,1.0,0.0,0.0,0.0,0.0,0.0,2.0,0.0,0.0,0.0,0.0,0.0,0.0,0.0,0.0,1.0,1.0,0.0,1.0,6.0,2.0,0.0,0.0,0.0,36.0,0.0,1.0,1.0,0.0,0.0,2.0,1.0,0.0,0.0,0.0,0.0,0.0,0.0,0.0,0.0,1.0,0.0,0.0,0.0,0.0,0.0,1.0,0.0,0.0,0.0,0.0,0.0,2.0,0.0,0.0,2.0,0.0,0.0,12.0,0.0,0.0,0.0,0.0,0.0,0.0,0.0,0.0,3.0,11.0,0.0,0.0,1.0,0.0,0.0,0.0,1.0,0.0,3.0,1.0,0.0,0.0,0.0,5.0,0.0,0.0,0.0,0.0,0.0,1.0,0.0,16.0,10.0,0.0,0.0,0.0,1.0
Osakaallee/Übersee Quartier,9.0,5.0,0.0,4.0,15.0,15.0,11.0,17.0,12.0,7.0,14.0,8.0,0.0,3.0,1.0,6.0,1.0,8.0,9.0,0.0,5.0,0.0,5.0,4.0,1.0,0.0,7.0,14.0,0.0,0.0,2.0,1.0,0.0,4.0,4.0,1.0,5.0,0.0,5.0,4.0,2.0,7.0,34.0,2.0,20.0,2.0,2.0,14.0,41.0,2.0,7.0,0.0,0.0,2.0,2.0,23.0,6.0,36.0,18.0,10.0,5.0,5.0,0.0,8.0,24.0,0.0,1.0,58.0,1.0,5.0,16.0,0.0,2.0,13.0,0.0,0.0,0.0,4.0,1.0,6.0,8.0,34.0,9.0,4.0,2.0,64.0,111.0,11.0,0.0,18.0,0.0,48.0,1.0,13.0,17.0,0.0,4.0,7.0,17.0,0.0,1.0,0.0,17.0,8.0,5.0,3.0,7.0,30.0,53.0,4.0,0.0,70.0,4.0,2.0,2.0,19.0,22.0,3.0,0.0,0.0,1.0,1.0,2.0,0.0,35.0,13.0,7.0,0.0
Osterstraße/Bismarckstraße,125.0,51.0,4.0,4.0,1.0,4.0,3.0,9.0,24.0,19.0,47.0,29.0,22.0,0.0,1.0,8.0,0.0,4.0,12.0,0.0,4.0,0.0,1.0,22.0,92.0,0.0,1.0,3.0,0.0,53.0,46.0,2.0,77.0,104.0,2.0,2.0,6.0,72.0,19.0,0.0,2.0,12.0,37.0,40.0,13.0,3.0,2.0,13.0,10.0,78.0,2.0,0.0,13.0,19.0,125.0,7.0,6.0,18.0,16.0,10.0,10.0,8.0,0.0,0.0,3.0,3.0,27.0,4.0,0.0,2.0,9.0,15.0,0.0,6.0,0.0,96.0,0.0,2.0,83.0,31.0,154.0,2.0,10.0,23.0,3.0,4.0,4.0,113.0,0.0,0.0,0.0,2.0,73.0,7.0,85.0,0.0,39.0,0.0,8.0,2.0,4.0,1.0,4.0,145.0,28.0,6.0,11.0,6.0,16.0,83.0,0.0,8.0,135.0,0.0,0.0,0.0,13.0,48.0,0.0,2.0,2.0,2.0,2.0,3.0,0.0,2.0,0.0,6.0
Ottenser Marktplatz/Museumsstraße,7.0,24.0,0.0,3.0,0.0,1.0,3.0,0.0,33.0,26.0,1.0,3.0,39.0,0.0,0.0,0.0,0.0,1.0,24.0,0.0,0.0,0.0,1.0,46.0,1.0,1.0,3.0,2.0,0.0,7.0,3.0,5.0,1.0,2.0,11.0,16.0,85.0,9.0,1.0,1.0,49.0,4.0,2.0,8.0,0.0,2.0,0.0,3.0,0.0,7.0,0.0,0.0,1.0,1.0,3.0,2.0,1.0,4.0,2.0,0.0,2.0,0.0,0.0,0.0,0.0,9.0,1.0,7.0,0.0,0.0,3.0,0.0,1.0,2.0,0.0,1.0,12.0,0.0,1.0,7.0,10.0,1.0,2.0,5.0,0.0,20.0,4.0,20.0,13.0,0.0,0.0,10.0,13.0,53.0,24.0,0.0,66.0,0.0,2.0,0.0,0.0,0.0,0.0,45.0,10.0,1.0,1.0,1.0,2.0,7.0,1.0,6.0,23.0,0.0,0.0,1.0,2.0,0.0,0.0,1.0,0.0,1.0,0.0,0.0,6.0,0.0,0.0,0.0
Paulinenplatz/Wohlwillstraße,176.0,84.0,2.0,8.0,31.0,6.0,20.0,10.0,139.0,115.0,11.0,37.0,82.0,0.0,0.0,1.0,0.0,22.0,33.0,0.0,0.0,1.0,0.0,131.0,91.0,1.0,12.0,3.0,0.0,67.0,60.0,24.0,4.0,13.0,30.0,39.0,36.0,37.0,3.0,2.0,118.0,28.0,26.0,38.0,2.0,5.0,0.0,10.0,26.0,34.0,8.0,6.0,1.0,1.0,15.0,5.0,9.0,16.0,10.0,1.0,6.0,1.0,0.0,1.0,8.0,43.0,8.0,45.0,3.0,9.0,3.0,0.0,3.0,2.0,0.0,17.0,0.0,9.0,18.0,74.0,32.0,22.0,39.0,42.0,5.0,8.0,12.0,99.0,10.0,1.0,0.0,5.0,87.0,62.0,109.0,0.0,120.0,1.0,16.0,0.0,0.0,0.0,31.0,176.0,42.0,20.0,37.0,8.0,7.0,87.0,0.0,21.0,75.0,0.0,1.0,0.0,26.0,72.0,3.0,0.0,0.0,0.0,0.0,0.0,1.0,3.0,2.0,0.0
Planetarium/Hindenburgstraße,3.0,0.0,0.0,0.0,0.0,0.0,0.0,0.0,0.0,0.0,1.0,0.0,0.0,0.0,11.0,6.0,0.0,0.0,0.0,0.0,0.0,39.0,1.0,0.0,0.0,0.0,0.0,2.0,0.0,0.0,1.0,0.0,0.0,11.0,0.0,0.0,1.0,5.0,10.0,0.0,0.0,0.0,1.0,1.0,0.0,2.0,1.0,1.0,0.0,2.0,8.0,0.0,6.0,7.0,13.0,0.0,45.0,3.0,2.0,10.0,2.0,0.0,1.0,0.0,1.0,0.0,2.0,0.0,3.0,0.0,4.0,6.0,0.0,0.0,1.0,0.0,0.0,0.0,3.0,0.0,0.0,0.0,0.0,0.0,6.0,0.0,0.0,0.0,0.0,0.0,0.0,0.0,0.0,0.0,0.0,45.0,0.0,0.0,0.0,10.0,11.0,1.0,0.0,3.0,1.0,0.0,0.0,1.0,0.0,0.0,11.0,0.0,2.0,2.0,1.0,0.0,1.0,2.0,0.0,1.0,0.0,0.0,5.0,9.0,0.0,5.0,0.0,5.0
Reeperbahn / Königstraße,57.0,142.0,0.0,3.0,5.0,10.0,3.0,8.0,130.0,82.0,6.0,3.0,54.0,0.0,3.0,0.0,0.0,3.0,19.0,0.0,1.0,0.0,2.0,101.0,21.0,1.0,6.0,2.0,1.0,30.0,50.0,23.0,0.0,8.0,24.0,37.0,108.0,17.0,2.0,0.0,148.0,24.0,31.0,3.0,5.0,2.0,0.0,11.0,8.0,13.0,21.0,1.0,0.0,2.0,9.0,5.0,2.0,11.0,10.0,0.0,2.0,3.0,0.0,0.0,4.0,56.0,2.0,16.0,1.0,5.0,1.0,0.0,1.0,1.0,0.0,2.0,2.0,7.0,8.0,43.0,33.0,6.0,9.0,48.0,1.0,7.0,11.0,117.0,13.0,1.0,0.0,6.0,24.0,66.0,83.0,0.0,106.0,0.0,9.0,0.0,1.0,0.0,4.0,153.0,43.0,3.0,5.0,2.0,8.0,30.0,0.0,9.0,28.0,1.0,0.0,3.0,5.0,15.0,0.0,3.0,0.0,0.0,1.0,3.0,0.0,2.0,1.0,0.0
Rothenburgsort/Marktplatz/Lindleystraße,1.0,0.0,1.0,0.0,5.0,9.0,0.0,0.0,0.0,0.0,7.0,0.0,0.0,0.0,0.0,0.0,30.0,42.0,0.0,0.0,48.0,0.0,22.0,0.0,0.0,1.0,0.0,0.0,4.0,0.0,0.0,0.0,0.0,0.0,0.0,0.0,1.0,0.0,2.0,0.0,0.0,1.0,0.0,1.0,20.0,0.0,3.0,2.0,3.0,0.0,0.0,0.0,0.0,1.0,3.0,1.0,1.0,2.0,0.0,0.0,2.0,0.0,2.0,4.0,2.0,0.0,0.0,2.0,4.0,1.0,0.0,0.0,1.0,1.0,0.0,0.0,4.0,1.0,2.0,0.0,0.0,1.0,0.0,5.0,3.0,2.0,22.0,0.0,0.0,0.0,0.0,4.0,0.0,0.0,0.0,0.0,0.0,65.0,2.0,1.0,1.0,1.0,1.0,0.0,0.0,0.0,2.0,2.0,52.0,2.0,0.0,1.0,0.0,1.0,0.0,5.0,0.0,1.0,0.0,4.0,1.0,4.0,0.0,0.0,22.0,0.0,1.0,6.0
Rödingsmarkt / Großer Burstah,38.0,4.0,8.0,3.0,77.0,14.0,12.0,11.0,7.0,6.0,3.0,12.0,3.0,0.0,1.0,4.0,3.0,2.0,40.0,0.0,1.0,0.0,6.0,3.0,7.0,0.0,6.0,17.0,2.0,3.0,2.0,16.0,3.0,1.0,1.0,9.0,5.0,4.0,17.0,0.0,61.0,71.0,17.0,1.0,10.0,5.0,3.0,8.0,25.0,6.0,6.0,2.0,10.0,3.0,0.0,6.0,7.0,20.0,7.0,0.0,4.0,0.0,0.0,4.0,15.0,3.0,0.0,23.0,1.0,41.0,2.0,4.0,3.0,15.0,0.0,17.0,0.0,1.0,1.0,63.0,25.0,14.0,37.0,50.0,26.0,27.0,28.0,24.0,0.0,0.0,0.0,26.0,1.0,4.0,19.0,0.0,13.0,4.0,35.0,0.0,2.0,0.0,6.0,14.0,6.0,36.0,4.0,0.0,21.0,2.0,0.0,4.0,2.0,36.0,3.0,12.0,7.0,10.0,1.0,0.0,0.0,2.0,1.0,1.0,1.0,3.0,12.0,0.0
Saarlandstraße/Wiesendamm,1.0,0.0,5.0,0.0,0.0,0.0,0.0,0.0,0.0,0.0,4.0,11.0,0.0,0.0,48.0,9.0,0.0,11.0,0.0,0.0,0.0,10.0,1.0,0.0,0.0,5.0,0.0,4.0,0.0,0.0,0.0,0.0,3.0,1.0,0.0,0.0,0.0,2.0,26.0,0.0,0.0,0.0,2.0,9.0,0.0,0.0,1.0,5.0,1.0,0.0,4.0,15.0,6.0,1.0,4.0,5.0,156.0,4.0,5.0,5.0,0.0,0.0,5.0,0.0,0.0,0.0,3.0,0.0,2.0,3.0,10.0,5.0,4.0,3.0,9.0,0.0,1.0,0.0,2.0,2.0,0.0,0.0,0.0,2.0,6.0,0.0,1.0,0.0,0.0,0.0,3.0,0.0,7.0,0.0,1.0,8.0,0.0,0.0,0.0,80.0,232.0,2.0,1.0,1.0,13.0,0.0,0.0,6.0,0.0,1.0,5.0,1.0,1.0,0.0,1.0,0.0,1.0,7.0,5.0,13.0,3.0,0.0,122.0,83.0,0.0,14.0,0.0,44.0
Schleidenstraße/Osterbekstraße,4.0,0.0,10.0,2.0,0.0,0.0,0.0,0.0,0.0,0.0,0.0,8.0,3.0,0.0,34.0,7.0,1.0,6.0,0.0,0.0,1.0,18.0,6.0,0.0,1.0,96.0,0.0,10.0,2.0,1.0,0.0,0.0,4.0,14.0,0.0,0.0,0.0,0.0,69.0,0.0,0.0,3.0,1.0,1.0,5.0,2.0,1.0,26.0,10.0,0.0,47.0,226.0,6.0,0.0,30.0,0.0,71.0,9.0,4.0,4.0,0.0,1.0,11.0,0.0,2.0,0.0,6.0,1.0,6.0,0.0,30.0,10.0,3.0,1.0,26.0,0.0,1.0,0.0,11.0,0.0,0.0,1.0,0.0,1.0,41.0,2.0,2.0,1.0,0.0,0.0,12.0,0.0,1.0,0.0,1.0,12.0,0.0,0.0,4.0,221.0,48.0,13.0,2.0,4.0,2.0,4.0,0.0,0.0,0.0,5.0,20.0,0.0,0.0,13.0,12.0,0.0,3.0,2.0,20.0,16.0,4.0,6.0,9.0,240.0,0.0,29.0,1.0,35.0
Schloßstrasse/Schloßgarten,2.0,0.0,0.0,0.0,0.0,1.0,1.0,1.0,1.0,0.0,0.0,0.0,0.0,0.0,4.0,0.0,28.0,8.0,1.0,0.0,2.0,0.0,25.0,0.0,0.0,1.0,0.0,0.0,13.0,0.0,0.0,0.0,0.0,0.0,1.0,0.0,0.0,0.0,0.0,0.0,0.0,1.0,1.0,0.0,18.0,0.0,14.0,46.0,24.0,0.0,1.0,4.0,0.0,0.0,0.0,1.0,8.0,0.0,0.0,0.0,1.0,0.0,12.0,0.0,0.0,0.0,0.0,0.0,7.0,3.0,3.0,0.0,5.0,5.0,18.0,0.0,5.0,0.0,0.0,1.0,0.0,0.0,0.0,2.0,4.0,3.0,6.0,0.0,0.0,0.0,0.0,0.0,0.0,0.0,0.0,0.0,1.0,2.0,0.0,2.0,1.0,20.0,1.0,0.0,0.0,0.0,0.0,2.0,0.0,1.0,1.0,7.0,0.0,1.0,4.0,0.0,0.0,2.0,18.0,12.0,5.0,10.0,1.0,0.0,0.0,22.0,2.0,0.0
Schopenstehl/Alter Fischmarkt,14.0,10.0,0.0,1.0,36.0,11.0,9.0,24.0,0.0,0.0,7.0,5.0,0.0,0.0,1.0,0.0,1.0,2.0,4.0,0.0,0.0,1.0,3.0,0.0,3.0,4.0,0.0,5.0,0.0,16.0,7.0,3.0,6.0,17.0,1.0,1.0,7.0,11.0,17.0,0.0,2.0,7.0,8.0,3.0,12.0,4.0,0.0,12.0,4.0,1.0,7.0,12.0,0.0,0.0,1.0,4.0,0.0,3.0,11.0,2.0,2.0,0.0,7.0,32.0,20.0,0.0,0.0,7.0,1.0,13.0,3.0,1.0,2.0,7.0,0.0,2.0,1.0,0.0,0.0,10.0,1.0,2.0,5.0,12.0,5.0,3.0,56.0,18.0,0.0,1.0,0.0,31.0,2.0,1.0,33.0,0.0,3.0,0.0,7.0,0.0,2.0,1.0,44.0,3.0,14.0,1.0,4.0,4.0,2.0,3.0,0.0,14.0,2.0,19.0,1.0,22.0,2.0,13.0,8.0,1.0,1.0,0.0,17.0,0.0,3.0,4.0,6.0,0.0
Schulterblatt/Eifflerstraße,197.0,74.0,2.0,5.0,11.0,4.0,20.0,15.0,161.0,120.0,26.0,32.0,142.0,0.0,0.0,3.0,0.0,10.0,72.0,0.0,0.0,2.0,1.0,128.0,116.0,0.0,13.0,5.0,1.0,166.0,249.0,19.0,12.0,44.0,22.0,19.0,62.0,156.0,15.0,2.0,67.0,26.0,12.0,21.0,3.0,2.0,0.0,14.0,20.0,126.0,8.0,2.0,8.0,23.0,32.0,4.0,9.0,13.0,15.0,1.0,4.0,9.0,0.0,1.0,2.0,19.0,25.0,30.0,0.0,7.0,10.0,3.0,3.0,3.0,1.0,21.0,0.0,4.0,54.0,89.0,149.0,4.0,36.0,73.0,7.0,17.0,2.0,27.0,13.0,0.0,0.0,6.0,145.0,34.0,165.0,5.0,138.0,0.0,18.0,0.0,0.0,2.0,11.0,103.0,56.0,18.0,15.0,8.0,1.0,148.0,1.0,15.0,136.0,2.0,2.0,2.0,32.0,83.0,0.0,0.0,0.0,0.0,3.0,2.0,0.0,8.0,5.0,0.0
Sievekingplatz/Gorch-Fock-Wall,110.0,17.0,2.0,4.0,1.0,10.0,4.0,3.0,16.0,14.0,12.0,96.0,18.0,0.0,0.0,2.0,0.0,2.0,35.0,0.0,0.0,0.0,0.0,25.0,18.0,0.0,2.0,19.0,1.0,14.0,1.0,19.0,0.0,22.0,4.0,4.0,3.0,21.0,6.0,1.0,10.0,16.0,9.0,9.0,2.0,5.0,0.0,11.0,34.0,3.0,4.0,1.0,3.0,1.0,11.0,3.0,6.0,20.0,9.0,3.0,12.0,0.0,12.0,5.0,3.0,3.0,1.0,13.0,3.0,14.0,37.0,4.0,0.0,5.0,14.0,0.0,3.0,4.0,4.0,17.0,20.0,1.0,8.0,35.0,26.0,16.0,6.0,49.0,1.0,0.0,0.0,7.0,51.0,7.0,28.0,0.0,36.0,1.0,7.0,23.0,12.0,0.0,16.0,42.0,43.0,4.0,38.0,9.0,10.0,13.0,0.0,9.0,7.0,2.0,3.0,1.0,22.0,67.0,2.0,4.0,3.0,1.0,0.0,0.0,1.0,2.0,1.0,1.0
St.Petersburger Straße/Bei den Kirchhöfen,108.0,1.0,2.0,16.0,3.0,2.0,3.0,10.0,3.0,0.0,1.0,10.0,2.0,0.0,0.0,0.0,1.0,0.0,8.0,0.0,0.0,0.0,2.0,0.0,6.0,3.0,3.0,3.0,0.0,5.0,13.0,22.0,1.0,4.0,4.0,2.0,4.0,24.0,15.0,0.0,0.0,11.0,5.0,6.0,0.0,1.0,0.0,6.0,9.0,17.0,0.0,0.0,2.0,15.0,7.0,0.0,4.0,5.0,1.0,0.0,0.0,0.0,14.0,0.0,4.0,5.0,0.0,7.0,0.0,4.0,9.0,0.0,5.0,0.0,1.0,0.0,0.0,2.0,0.0,15.0,5.0,0.0,20.0,10.0,10.0,4.0,3.0,15.0,0.0,0.0,0.0,1.0,13.0,0.0,6.0,0.0,1.0,0.0,29.0,0.0,0.0,0.0,2.0,8.0,0.0,23.0,19.0,1.0,1.0,11.0,0.0,2.0,19.0,2.0,1.0,2.0,6.0,38.0,0.0,0.0,0.0,4.0,0.0,1.0,0.0,3.0,0.0,0.0
Stadthausbrücke / Neuer Wall,4.0,28.0,4.0,2.0,20.0,0.0,17.0,2.0,3.0,6.0,3.0,10.0,3.0,0.0,2.0,2.0,0.0,0.0,35.0,0.0,0.0,0.0,5.0,17.0,6.0,0.0,4.0,11.0,3.0,24.0,2.0,8.0,1.0,0.0,3.0,1.0,24.0,16.0,11.0,0.0,1.0,3.0,13.0,2.0,0.0,2.0,0.0,9.0,11.0,2.0,7.0,0.0,7.0,2.0,4.0,3.0,2.0,23.0,14.0,1.0,6.0,0.0,1.0,1.0,6.0,1.0,5.0,12.0,0.0,10.0,4.0,1.0,1.0,20.0,3.0,5.0,0.0,0.0,0.0,36.0,3.0,8.0,3.0,9.0,2.0,19.0,16.0,10.0,0.0,0.0,0.0,4.0,14.0,3.0,33.0,0.0,3.0,0.0,5.0,1.0,1.0,0.0,3.0,21.0,35.0,6.0,35.0,1.0,3.0,6.0,0.0,10.0,0.0,1.0,0.0,21.0,4.0,4.0,0.0,0.0,0.0,0.0,0.0,0.0,0.0,4.0,5.0,0.0
Steindamm / Stralsunder Straße,57.0,2.0,69.0,6.0,8.0,31.0,3.0,4.0,8.0,13.0,23.0,4.0,4.0,0.0,6.0,1.0,5.0,56.0,6.0,0.0,1.0,2.0,19.0,4.0,0.0,2.0,9.0,16.0,20.0,0.0,1.0,1.0,2.0,4.0,1.0,0.0,1.0,0.0,10.0,1.0,1.0,6.0,65.0,2.0,37.0,11.0,4.0,28.0,17.0,1.0,11.0,1.0,4.0,0.0,6.0,13.0,6.0,24.0,10.0,5.0,7.0,0.0,1.0,16.0,10.0,1.0,2.0,3.0,8.0,15.0,33.0,9.0,8.0,47.0,12.0,5.0,16.0,0.0,2.0,8.0,1.0,7.0,3.0,13.0,23.0,33.0,54.0,16.0,0.0,0.0,0.0,7.0,4.0,1.0,5.0,1.0,8.0,0.0,5.0,2.0,5.0,4.0,2.0,12.0,21.0,5.0,1.0,95.0,6.0,19.0,0.0,6.0,3.0,0.0,5.0,0.0,19.0,12.0,4.0,58.0,12.0,41.0,4.0,2.0,2.0,20.0,45.0,0.0
Steinstraße / Deichtorplatz,7.0,5.0,15.0,3.0,59.0,28.0,15.0,10.0,2.0,3.0,2.0,2.0,3.0,0.0,0.0,5.0,1.0,10.0,19.0,0.0,21.0,0.0,2.0,1.0,4.0,0.0,13.0,2.0,2.0,1.0,11.0,4.0,8.0,1.0,1.0,1.0,2.0,6.0,13.0,3.0,2.0,1.0,6.0,2.0,35.0,1.0,0.0,34.0,18.0,14.0,1.0,0.0,1.0,1.0,3.0,3.0,5.0,8.0,5.0,0.0,2.0,0.0,1.0,19.0,8.0,1.0,0.0,13.0,0.0,10.0,27.0,1.0,0.0,12.0,0.0,1.0,2.0,4.0,0.0,16.0,8.0,6.0,5.0,17.0,3.0,7.0,15.0,8.0,0.0,0.0,0.0,13.0,22.0,0.0,22.0,0.0,7.0,46.0,14.0,0.0,0.0,2.0,3.0,1.0,13.0,0.0,6.0,7.0,37.0,3.0,0.0,11.0,3.0,0.0,1.0,36.0,2.0,2.0,0.0,4.0,0.0,0.0,1.0,0.0,7.0,11.0,3.0,0.0
Sternschanze / Eingang Dänenweg,290.0,22.0,4.0,14.0,13.0,1.0,4.0,9.0,21.0,13.0,50.0,36.0,26.0,0.0,1.0,17.0,0.0,4.0,12.0,0.0,6.0,0.0,6.0,33.0,76.0,0.0,1.0,19.0,2.0,98.0,36.0,13.0,13.0,19.0,1.0,4.0,5.0,62.0,12.0,1.0,20.0,16.0,13.0,46.0,6.0,18.0,2.0,27.0,41.0,36.0,3.0,0.0,3.0,3.0,11.0,6.0,8.0,25.0,15.0,1.0,5.0,5.0,1.0,3.0,6.0,6.0,21.0,10.0,3.0,20.0,18.0,5.0,5.0,6.0,7.0,20.0,6.0,9.0,8.0,46.0,23.0,0.0,17.0,27.0,16.0,14.0,6.0,99.0,5.0,1.0,0.0,2.0,87.0,7.0,90.0,0.0,32.0,0.0,7.0,0.0,3.0,1.0,5.0,101.0,26.0,13.0,2.0,13.0,4.0,98.0,2.0,6.0,35.0,4.0,4.0,1.0,43.0,110.0,1.0,5.0,2.0,2.0,2.0,1.0,7.0,9.0,6.0,0.0
Südring/Stadthallenbrücke,0.0,0.0,0.0,0.0,0.0,0.0,0.0,0.0,0.0,0.0,0.0,0.0,3.0,0.0,2.0,1.0,0.0,0.0,1.0,0.0,0.0,22.0,4.0,0.0,0.0,3.0,0.0,3.0,0.0,1.0,0.0,0.0,1.0,0.0,0.0,0.0,0.0,2.0,12.0,0.0,0.0,0.0,0.0,0.0,0.0,0.0,2.0,1.0,1.0,2.0,2.0,2.0,8.0,0.0,0.0,0.0,11.0,0.0,0.0,0.0,0.0,0.0,6.0,0.0,1.0,0.0,1.0,0.0,2.0,0.0,3.0,2.0,1.0,0.0,0.0,1.0,0.0,0.0,2.0,0.0,3.0,0.0,0.0,0.0,2.0,0.0,0.0,0.0,1.0,0.0,0.0,0.0,0.0,0.0,0.0,24.0,2.0,0.0,0.0,11.0,19.0,0.0,0.0,3.0,0.0,1.0,0.0,0.0,0.0,1.0,29.0,0.0,1.0,1.0,1.0,0.0,0.0,4.0,0.0,2.0,3.0,0.0,6.0,11.0,0.0,0.0,0.0,3.0
U-Bahn Baumwall,33.0,19.0,0.0,23.0,375.0,41.0,16.0,25.0,5.0,9.0,4.0,7.0,4.0,2.0,0.0,9.0,2.0,4.0,52.0,1.0,1.0,2.0,3.0,7.0,1.0,0.0,7.0,8.0,4.0,35.0,4.0,5.0,1.0,15.0,6.0,36.0,25.0,4.0,8.0,12.0,11.0,7.0,17.0,4.0,5.0,7.0,0.0,4.0,13.0,9.0,12.0,3.0,4.0,1.0,5.0,12.0,1.0,9.0,10.0,0.0,7.0,2.0,1.0,3.0,16.0,5.0,1.0,77.0,1.0,23.0,4.0,9.0,2.0,1.0,1.0,2.0,0.0,8.0,0.0,19.0,15.0,27.0,12.0,14.0,4.0,19.0,42.0,22.0,12.0,9.0,0.0,44.0,9.0,9.0,35.0,0.0,9.0,2.0,7.0,3.0,0.0,0.0,23.0,22.0,6.0,3.0,4.0,8.0,9.0,1.0,0.0,61.0,4.0,2.0,0.0,79.0,23.0,4.0,1.0,1.0,10.0,2.0,0.0,0.0,3.0,6.0,14.0,0.0
U-Bahn Schlump,118.0,53.0,1.0,4.0,1.0,5.0,13.0,20.0,67.0,34.0,21.0,25.0,16.0,0.0,4.0,1.0,2.0,2.0,23.0,0.0,0.0,1.0,10.0,44.0,51.0,0.0,0.0,3.0,2.0,95.0,55.0,3.0,6.0,24.0,6.0,5.0,11.0,155.0,16.0,0.0,11.0,11.0,12.0,47.0,2.0,5.0,1.0,12.0,24.0,37.0,7.0,2.0,6.0,12.0,20.0,13.0,10.0,8.0,15.0,4.0,3.0,10.0,2.0,0.0,6.0,7.0,1.0,8.0,1.0,5.0,14.0,9.0,0.0,4.0,0.0,9.0,1.0,7.0,16.0,26.0,49.0,4.0,16.0,23.0,5.0,8.0,6.0,70.0,1.0,1.0,0.0,2.0,80.0,33.0,89.0,1.0,38.0,0.0,7.0,5.0,0.0,0.0,4.0,123.0,11.0,14.0,0.0,0.0,7.0,49.0,1.0,6.0,102.0,0.0,1.0,3.0,25.0,76.0,0.0,4.0,1.0,0.0,1.0,3.0,1.0,9.0,1.0,0.0
Uferstraße/Wagnerstraße,2.0,1.0,3.0,1.0,3.0,6.0,1.0,0.0,0.0,0.0,5.0,1.0,0.0,5.0,19.0,1.0,9.0,7.0,0.0,0.0,5.0,1.0,12.0,0.0,1.0,3.0,2.0,49.0,0.0,0.0,0.0,0.0,1.0,2.0,0.0,0.0,0.0,0.0,9.0,0.0,0.0,0.0,4.0,0.0,0.0,3.0,4.0,4.0,10.0,0.0,13.0,61.0,0.0,1.0,0.0,12.0,8.0,7.0,3.0,3.0,8.0,0.0,50.0,2.0,3.0,0.0,1.0,2.0,9.0,3.0,25.0,24.0,25.0,15.0,15.0,0.0,4.0,0.0,0.0,2.0,0.0,1.0,3.0,4.0,48.0,1.0,6.0,1.0,0.0,0.0,2.0,2.0,0.0,0.0,0.0,0.0,0.0,0.0,8.0,5.0,17.0,1.0,7.0,1.0,1.0,0.0,1.0,8.0,0.0,2.0,2.0,3.0,2.0,30.0,11.0,2.0,1.0,3.0,12.0,23.0,14.0,30.0,3.0,13.0,0.0,7.0,2.0,2.0
Uhlandstraße / Eingang Nord,19.0,2.0,32.0,1.0,0.0,1.0,2.0,7.0,2.0,0.0,16.0,10.0,0.0,0.0,11.0,6.0,2.0,15.0,2.0,0.0,0.0,1.0,24.0,1.0,0.0,2.0,1.0,18.0,0.0,1.0,2.0,0.0,1.0,0.0,2.0,0.0,1.0,0.0,3.0,1.0,0.0,0.0,6.0,1.0,1.0,3.0,6.0,19.0,30.0,0.0,12.0,13.0,1.0,0.0,0.0,2.0,33.0,17.0,9.0,1.0,18.0,3.0,7.0,2.0,3.0,0.0,0.0,1.0,15.0,13.0,65.0,14.0,12.0,30.0,18.0,1.0,3.0,0.0,3.0,3.0,1.0,3.0,0.0,4.0,42.0,4.0,15.0,1.0,0.0,2.0,0.0,0.0,0.0,0.0,1.0,2.0,0.0,0.0,8.0,2.0,3.0,1.0,1.0,1.0,3.0,1.0,1.0,5.0,2.0,5.0,0.0,0.0,1.0,11.0,58.0,0.0,25.0,15.0,2.0,10.0,8.0,17.0,4.0,9.0,7.0,12.0,2.0,4.0
Unilever/Strandkai,13.0,0.0,1.0,13.0,2.0,4.0,35.0,12.0,2.0,1.0,0.0,3.0,1.0,0.0,0.0,0.0,0.0,2.0,7.0,0.0,0.0,0.0,0.0,0.0,0.0,0.0,19.0,8.0,0.0,2.0,0.0,29.0,13.0,0.0,4.0,1.0,4.0,0.0,3.0,2.0,25.0,24.0,14.0,4.0,4.0,6.0,0.0,12.0,74.0,0.0,5.0,0.0,0.0,0.0,2.0,15.0,0.0,29.0,30.0,0.0,4.0,0.0,0.0,17.0,13.0,0.0,0.0,229.0,0.0,5.0,4.0,0.0,0.0,0.0,0.0,2.0,0.0,3.0,0.0,4.0,0.0,98.0,6.0,10.0,0.0,31.0,160.0,8.0,0.0,0.0,0.0,19.0,0.0,3.0,2.0,0.0,1.0,0.0,11.0,0.0,0.0,0.0,23.0,2.0,5.0,6.0,15.0,0.0,41.0,0.0,0.0,156.0,0.0,2.0,0.0,46.0,5.0,0.0,0.0,0.0,0.0,5.0,0.0,0.0,0.0,1.0,9.0,0.0
Universität / Moorweidenstraße,26.0,6.0,8.0,9.0,11.0,20.0,13.0,65.0,4.0,10.0,11.0,4.0,12.0,0.0,4.0,5.0,14.0,19.0,9.0,0.0,0.0,3.0,11.0,16.0,18.0,2.0,2.0,25.0,0.0,10.0,13.0,5.0,13.0,12.0,5.0,12.0,2.0,26.0,21.0,1.0,0.0,20.0,44.0,47.0,5.0,13.0,4.0,37.0,35.0,19.0,16.0,6.0,2.0,10.0,19.0,2.0,10.0,35.0,35.0,2.0,7.0,3.0,7.0,5.0,8.0,0.0,4.0,6.0,3.0,27.0,43.0,12.0,1.0,11.0,9.0,3.0,3.0,1.0,3.0,24.0,11.0,1.0,16.0,23.0,8.0,11.0,14.0,37.0,0.0,0.0,0.0,4.0,25.0,1.0,29.0,1.0,0.0,0.0,3.0,1.0,1.0,1.0,6.0,26.0,17.0,16.0,7.0,22.0,4.0,50.0,0.0,19.0,47.0,2.0,17.0,0.0,43.0,22.0,0.0,9.0,6.0,3.0,9.0,5.0,0.0,18.0,13.0,1.0
Universität / Schlüterstraße,13.0,22.0,19.0,8.0,6.0,17.0,2.0,22.0,10.0,5.0,189.0,80.0,7.0,0.0,18.0,6.0,4.0,4.0,28.0,0.0,2.0,16.0,7.0,28.0,36.0,3.0,8.0,8.0,0.0,62.0,44.0,43.0,42.0,22.0,9.0,2.0,4.0,56.0,89.0,0.0,8.0,20.0,37.0,591.0,2.0,66.0,3.0,47.0,30.0,75.0,199.0,4.0,10.0,58.0,49.0,16.0,112.0,32.0,34.0,31.0,12.0,14.0,8.0,17.0,9.0,18.0,26.0,22.0,2.0,27.0,54.0,17.0,5.0,6.0,12.0,13.0,3.0,23.0,22.0,152.0,52.0,5.0,17.0,47.0,11.0,9.0,17.0,39.0,0.0,0.0,0.0,1.0,39.0,2.0,40.0,2.0,10.0,0.0,8.0,2.0,6.0,1.0,8.0,74.0,63.0,53.0,5.0,18.0,0.0,84.0,2.0,1.0,156.0,0.0,16.0,0.0,27.0,149.0,0.0,26.0,4.0,4.0,5.0,21.0,3.0,64.0,9.0,0.0
Wandsbeker Chaussee/ Börnestraße,2.0,0.0,12.0,0.0,1.0,6.0,1.0,0.0,1.0,2.0,4.0,0.0,0.0,1.0,10.0,0.0,23.0,3.0,2.0,0.0,1.0,0.0,17.0,0.0,0.0,11.0,0.0,5.0,6.0,0.0,0.0,0.0,1.0,0.0,1.0,0.0,0.0,0.0,0.0,0.0,1.0,0.0,3.0,1.0,2.0,0.0,17.0,4.0,8.0,0.0,0.0,3.0,0.0,0.0,0.0,2.0,3.0,1.0,3.0,0.0,0.0,1.0,29.0,5.0,0.0,0.0,0.0,1.0,8.0,4.0,6.0,0.0,6.0,6.0,40.0,0.0,9.0,0.0,0.0,0.0,0.0,1.0,0.0,0.0,6.0,1.0,1.0,1.0,0.0,1.0,0.0,1.0,0.0,0.0,6.0,0.0,0.0,0.0,2.0,3.0,15.0,22.0,1.0,0.0,1.0,0.0,0.0,7.0,1.0,1.0,0.0,2.0,0.0,4.0,5.0,0.0,1.0,2.0,43.0,26.0,35.0,29.0,16.0,6.0,0.0,8.0,3.0,0.0
Wandsbeker Chaussee/Ritterstraße,9.0,0.0,20.0,4.0,3.0,4.0,0.0,1.0,0.0,2.0,6.0,5.0,0.0,0.0,13.0,1.0,3.0,24.0,1.0,0.0,26.0,2.0,50.0,6.0,3.0,0.0,0.0,23.0,1.0,0.0,0.0,0.0,0.0,1.0,0.0,0.0,0.0,0.0,7.0,0.0,0.0,1.0,5.0,6.0,6.0,2.0,23.0,10.0,12.0,0.0,10.0,73.0,1.0,0.0,0.0,3.0,16.0,8.0,8.0,0.0,0.0,0.0,6.0,15.0,6.0,0.0,0.0,2.0,38.0,1.0,18.0,9.0,10.0,51.0,20.0,0.0,32.0,0.0,1.0,3.0,0.0,1.0,0.0,4.0,30.0,5.0,15.0,3.0,0.0,1.0,8.0,1.0,0.0,1.0,0.0,0.0,0.0,4.0,2.0,7.0,7.0,8.0,4.0,2.0,3.0,0.0,0.0,27.0,9.0,2.0,2.0,4.0,0.0,21.0,19.0,1.0,4.0,16.0,39.0,81.0,28.0,40.0,20.0,2.0,6.0,10.0,11.0,1.0
Wandsbeker Marktstraße/Wandsbeker Marktplatz,1.0,1.0,15.0,1.0,1.0,2.0,1.0,0.0,1.0,1.0,10.0,2.0,0.0,2.0,2.0,1.0,17.0,7.0,2.0,0.0,0.0,1.0,36.0,0.0,1.0,3.0,1.0,3.0,2.0,0.0,0.0,0.0,0.0,1.0,1.0,0.0,0.0,0.0,14.0,0.0,0.0,0.0,2.0,8.0,8.0,2.0,50.0,4.0,8.0,0.0,3.0,5.0,0.0,0.0,0.0,5.0,3.0,6.0,4.0,0.0,1.0,0.0,41.0,4.0,0.0,0.0,0.0,1.0,3.0,1.0,24.0,4.0,11.0,4.0,38.0,0.0,15.0,0.0,0.0,0.0,0.0,1.0,0.0,0.0,21.0,1.0,8.0,0.0,0.0,0.0,2.0,0.0,0.0,0.0,1.0,0.0,2.0,5.0,0.0,2.0,7.0,3.0,0.0,0.0,0.0,6.0,0.0,7.0,1.0,2.0,0.0,12.0,0.0,23.0,6.0,0.0,4.0,2.0,16.0,27.0,52.0,33.0,8.0,7.0,1.0,3.0,2.0,1.0
Wartenau / Lübecker Straße,9.0,0.0,23.0,4.0,0.0,5.0,2.0,4.0,7.0,1.0,13.0,0.0,1.0,3.0,80.0,0.0,4.0,46.0,6.0,0.0,6.0,3.0,94.0,0.0,0.0,9.0,2.0,38.0,11.0,1.0,0.0,0.0,9.0,0.0,6.0,1.0,0.0,0.0,23.0,0.0,0.0,0.0,4.0,3.0,14.0,11.0,35.0,19.0,8.0,3.0,21.0,12.0,4.0,0.0,1.0,0.0,33.0,21.0,14.0,2.0,4.0,0.0,8.0,4.0,4.0,0.0,1.0,3.0,12.0,6.0,28.0,21.0,7.0,45.0,12.0,0.0,33.0,2.0,22.0,3.0,4.0,1.0,1.0,4.0,117.0,4.0,8.0,1.0,0.0,1.0,1.0,0.0,2.0,0.0,0.0,0.0,0.0,2.0,1.0,1.0,3.0,3.0,1.0,5.0,5.0,1.0,0.0,40.0,3.0,4.0,2.0,7.0,0.0,26.0,14.0,1.0,7.0,3.0,26.0,30.0,13.0,52.0,6.0,3.0,0.0,55.0,6.0,5.0
Weidestraße/Biedermannplatz,5.0,0.0,6.0,0.0,0.0,1.0,0.0,1.0,0.0,0.0,2.0,3.0,0.0,0.0,10.0,3.0,0.0,1.0,10.0,0.0,0.0,10.0,7.0,0.0,3.0,40.0,1.0,6.0,0.0,2.0,0.0,2.0,2.0,2.0,0.0,0.0,0.0,3.0,42.0,0.0,0.0,0.0,8.0,5.0,4.0,6.0,10.0,18.0,19.0,0.0,14.0,191.0,3.0,1.0,1.0,0.0,28.0,14.0,15.0,2.0,5.0,0.0,21.0,1.0,8.0,0.0,0.0,1.0,1.0,8.0,39.0,20.0,4.0,14.0,7.0,1.0,1.0,0.0,1.0,3.0,3.0,1.0,0.0,6.0,24.0,2.0,3.0,4.0,0.0,1.0,7.0,0.0,2.0,0.0,0.0,11.0,0.0,3.0,0.0,161.0,10.0,1.0,10.0,1.0,0.0,0.0,1.0,5.0,2.0,1.0,10.0,0.0,1.0,8.0,6.0,0.0,3.0,1.0,8.0,19.0,13.0,7.0,90.0,68.0,1.0,12.0,0.0,34.0
Wiesendamm/Roggenkamp,18.0,11.0,16.0,3.0,1.0,5.0,0.0,3.0,2.0,3.0,1.0,3.0,0.0,0.0,25.0,10.0,5.0,7.0,1.0,0.0,2.0,14.0,5.0,0.0,3.0,12.0,5.0,8.0,6.0,0.0,0.0,0.0,3.0,2.0,1.0,2.0,0.0,2.0,68.0,0.0,0.0,1.0,18.0,17.0,22.0,15.0,4.0,18.0,13.0,3.0,14.0,33.0,32.0,3.0,2.0,8.0,328.0,20.0,28.0,3.0,4.0,9.0,34.0,3.0,3.0,0.0,9.0,0.0,4.0,6.0,9.0,19.0,36.0,1.0,28.0,3.0,3.0,1.0,22.0,4.0,3.0,0.0,10.0,7.0,52.0,1.0,10.0,0.0,0.0,0.0,14.0,0.0,3.0,1.0,3.0,11.0,0.0,0.0,13.0,55.0,260.0,1.0,0.0,3.0,0.0,1.0,0.0,2.0,4.0,6.0,21.0,1.0,2.0,10.0,4.0,0.0,5.0,20.0,10.0,5.0,10.0,7.0,85.0,98.0,2.0,23.0,4.0,19.0
Wilhelmsburger Platz/Zur Schleuse,3.0,0.0,2.0,0.0,13.0,4.0,2.0,0.0,1.0,1.0,1.0,13.0,0.0,13.0,0.0,0.0,1.0,19.0,2.0,8.0,5.0,0.0,6.0,1.0,0.0,0.0,0.0,1.0,0.0,0.0,1.0,0.0,0.0,0.0,0.0,0.0,5.0,0.0,1.0,10.0,2.0,3.0,1.0,0.0,20.0,1.0,0.0,9.0,9.0,12.0,1.0,2.0,0.0,0.0,1.0,0.0,0.0,2.0,4.0,0.0,1.0,0.0,0.0,5.0,2.0,1.0,0.0,21.0,0.0,1.0,0.0,0.0,1.0,6.0,0.0,0.0,2.0,96.0,0.0,0.0,0.0,1.0,1.0,4.0,1.0,5.0,3.0,3.0,0.0,17.0,0.0,13.0,1.0,4.0,1.0,0.0,0.0,24.0,3.0,0.0,3.0,0.0,14.0,3.0,0.0,0.0,1.0,4.0,12.0,1.0,0.0,2.0,0.0,0.0,1.0,12.0,0.0,2.0,0.0,1.0,0.0,2.0,2.0,6.0,62.0,0.0,2.0,0.0
Winterhuder Weg/ Zimmerstraße,14.0,4.0,22.0,2.0,5.0,2.0,0.0,2.0,0.0,3.0,22.0,8.0,5.0,0.0,45.0,3.0,1.0,17.0,11.0,0.0,4.0,21.0,45.0,0.0,12.0,11.0,1.0,34.0,0.0,0.0,1.0,0.0,8.0,1.0,0.0,0.0,0.0,8.0,22.0,0.0,0.0,3.0,17.0,21.0,4.0,30.0,10.0,102.0,51.0,6.0,54.0,21.0,23.0,1.0,12.0,2.0,92.0,18.0,13.0,3.0,5.0,0.0,9.0,29.0,21.0,0.0,15.0,1.0,77.0,33.0,60.0,40.0,12.0,19.0,10.0,2.0,7.0,8.0,8.0,2.0,4.0,6.0,1.0,8.0,350.0,4.0,15.0,3.0,0.0,0.0,1.0,14.0,0.0,0.0,6.0,3.0,2.0,0.0,8.0,13.0,20.0,23.0,6.0,6.0,4.0,2.0,3.0,20.0,5.0,1.0,16.0,3.0,21.0,9.0,10.0,6.0,14.0,49.0,9.0,8.0,6.0,63.0,12.0,23.0,0.0,94.0,10.0,5.0
Zentralbibliothek / Münzstraße,13.0,1.0,8.0,6.0,14.0,21.0,8.0,10.0,1.0,1.0,3.0,3.0,0.0,0.0,1.0,3.0,2.0,24.0,6.0,1.0,2.0,1.0,19.0,1.0,0.0,1.0,13.0,6.0,6.0,2.0,3.0,3.0,2.0,1.0,0.0,0.0,5.0,0.0,10.0,2.0,1.0,6.0,27.0,0.0,44.0,7.0,1.0,23.0,14.0,2.0,29.0,1.0,1.0,0.0,9.0,9.0,6.0,22.0,14.0,0.0,6.0,0.0,2.0,20.0,4.0,0.0,1.0,4.0,6.0,12.0,10.0,2.0,3.0,12.0,1.0,5.0,12.0,1.0,6.0,8.0,2.0,5.0,7.0,6.0,14.0,22.0,13.0,4.0,0.0,0.0,0.0,9.0,3.0,0.0,3.0,0.0,1.0,0.0,5.0,0.0,1.0,0.0,4.0,2.0,5.0,1.0,7.0,30.0,2.0,6.0,0.0,20.0,3.0,0.0,7.0,15.0,8.0,7.0,1.0,1.0,0.0,10.0,0.0,4.0,1.0,3.0,20.0,1.0
Überseering/Mexikoring,2.0,0.0,0.0,0.0,0.0,0.0,0.0,1.0,0.0,0.0,0.0,0.0,1.0,0.0,1.0,6.0,0.0,0.0,0.0,0.0,0.0,43.0,1.0,0.0,1.0,0.0,0.0,0.0,0.0,0.0,1.0,0.0,6.0,0.0,0.0,0.0,0.0,4.0,60.0,0.0,0.0,0.0,0.0,2.0,1.0,0.0,1.0,6.0,0.0,2.0,2.0,11.0,3.0,0.0,1.0,0.0,50.0,1.0,0.0,0.0,0.0,2.0,0.0,0.0,0.0,0.0,2.0,0.0,1.0,3.0,1.0,1.0,0.0,0.0,9.0,2.0,0.0,0.0,8.0,0.0,1.0,0.0,0.0,0.0,1.0,0.0,0.0,0.0,0.0,0.0,1.0,0.0,0.0,0.0,0.0,5.0,0.0,11.0,0.0,26.0,54.0,1.0,0.0,0.0,0.0,0.0,0.0,1.0,0.0,1.0,3.0,0.0,1.0,1.0,3.0,0.0,2.0,4.0,0.0,1.0,1.0,3.0,45.0,60.0,0.0,8.0,0.0,41.0
